Hidden Name,Nombre,Cargo,Email,Teléfono,Ubicacion
HOLGUIN RAMIREZ ABLADIS DEL CARMEN,ABLADIS DEL CARMEN HOLGUIN RAMIREZ,ENFERMERA,coordinacioninternacion@hospitalsantamonica.gov.co,3302507 - ext. 366,HOSPITALIZACIÓN
LOPEZ VASQUEZ ALBA LUCIA,ALBA LUCIA LOPEZ VASQUEZ,AUXILIAR AREA SALUD ENFERMERÌA,coordinacionambulatorios@hospitalsantamonica.gov.co,3302507 - ext. 214,HOSPITALIZACIÓN
RUBY MAYA ALBA RUBY,ALBA RUBY RUBY MAYA,AUXILIAR ÁREA SALUD (ENFERMERÍA),coordinacioninternacion@hospitalsantamonica.gov.co,3302507 - ext. 445,HOSPITALIZACIÓN
CÁRDENAS UCHIMA ALEJANDRA MARCELA,ALEJANDRA MARCELA CÁRDENAS UCHIMA,AUXILIAR ÁREA SALUD (ENFERMERÍA),coordinacionurgencias@hospitalsantamonica.gov.co,3302507 - ext. 441,URGENCIAS
PALACIO MARIN ALEJANDRA,ALEJANDRA PALACIO MARIN,MEDICO,coordinacionambulatorios@hospitalsantamonica.gov.co,3302507 - ext. 230,SEDE PRINCIPAL
TABARES GONZALEZ ALEJANDRA,ALEJANDRA TABARES GONZALEZ,ENFERMERA PROFESIONAL,coordinacionambulatorios@hospitalsantamonica.gov.co,3302507 - ext. 125-128,SEDE PRINCIPAL
LONDOÑO CASTAÑEDA ALEJANDRO,ALEJANDRO LONDOÑO CASTAÑEDA,MANTENIMIENTO,mantenimiento@hospitalsantamonica.gov.co,3302507 - ext. 125-129,SEDE PRINCIPAL
MONTES HENAO FABIO ALEXANDER,ALEXANDER MONTES HENAO FABIO,MANTENIMIENTO,mantenimiento@hospitalsantamonica.gov.co,3302507 - ext. 233,SEDE PRINCIPAL
VASQUES OSORIO ALEXANDER,ALEXANDER VASQUES OSORIO,PSICOLOGO,coordinacionambulatorios@hospitalsantamonica.gov.co,3302507 - ext. 125-126,SEDE PRINCIPAL
GOMEZ GARCIA ALONSO,ALONSO GOMEZ GARCIA,CARDIOLOGO PEDIATRA,coordinacionconsulta@hospitalsantamonica.gov.co,3302507 - ext. 125-126,SEDE PRINCIPAL
GALLEGO GARCIA ANA MARIA,ANA MARIA GALLEGO GARCIA,MEDICO,coordinacionambulatorios@hospitalsantamonica.gov.co,3302507 - ext. 125-126,SEDE PRINCIPAL
JARAMILLO MARTINEZ ANA ALEJANDRA,ANA ALEJANDRA JARAMILLO MARTINEZ,ENFERMERA PROFESIONAL,coordinacionambulatorios@hospitalsantamonica.gov.co,3302507 - ext. 232,SEDE PRINCIPAL
RAMIREZ MOSQUERA ANA DOLORES,ANA DOLORES RAMIREZ MOSQUERA,AUXILIAR AREA SALUD ENFERMERÌA,coordinacionambulatorios@hospitalsantamonica.gov.co,3302507 - ext. 272,URGENCIAS
DEVIA CABRERA ANDERSON DIDIER,ANDERSON DIDIER DEVIA CABRERA,MEDICO UROLOGO,coordinacionconsulta@hospitalsantamonica.gov.co,3302507 - ext. 230,SEDE PRINCIPAL
GONZÁLEZ CROSTHWAITE ANDRÈS,ANDRÈS GONZÁLEZ CROSTHWAITE,ODONTOPEDIATRA,coordinacionodontologica@hospitalsantamonica.gov.co,3302507 - ext. 190,SEDE PRINCIPAL
OCAMPO DUQUE ANDRES,ANDRES OCAMPO DUQUE,MEDICO GINECO- OBSTRETA,coordinacionconsulta@hospitalsantamonica.gov.co,3302507 - ext. 125-126,SEDE PRINCIPAL
RAMÍREZ MONTOYA ANDRÉS JULIAN,ANDRÉS JULIAN RAMÍREZ MONTOYA,RADIOLOGO,coordinacionconsulta@hospitalsantamonica.gov.co,3302507 - ext. 106,SEDE PRINCIPAL
GIRALDO MEJIA ANGELA MARIA,ANGELA MARIA GIRALDO MEJIA,PEDIATRA,coordinacionconsulta@hospitalsantamonica.gov.co,3302507 - ext. 125-126,SEDE PRINCIPAL
HERRERA GIRALDO ANGELA MARIA,ANGELA MARIA HERRERA GIRALDO,GESTION COMERCIAL (MERCADEO Y COMUNICACIONES),mercadeo@hospitalsantamonica.gov.co,3302507 - ext. 437,SEDE PRINCIPAL
RESTREPO RAMOS ANGELA PATRICIA,ANGELA PATRICIA RESTREPO RAMOS,ENFERMERA PROFESIONAL,coordinacionambulatorios@hospitalsantamonica.gov.co,3302507 - ext. 346,SEDE PRINCIPAL
VELASQUEZ AGUDELO ANGELICA,ANGELICA VELASQUEZ AGUDELO,AUXILIAR AREA SALUD ODONTOLOGIA,coordinacionodontologica@hospitalsantamonica.gov.co,3302507 - ext. 343,SALUD ORAL
ARTEAGA ATEHORTUA ASTRID CAROLINA,ASTRID CAROLINA ARTEAGA ATEHORTUA,AUXILIAR DE ENFERMERIA (APS),coordinacionambulatorios@hospitalsantamonica.gov.co,3302507 - ext. 125-126,SEDE PRINCIPAL
MAYA BEDOYA BEATRIZ ELENA,BEATRIZ ELENA MAYA BEDOYA,TECNICO AREA SALUD RADIOLOGIA E IMÁGENES DIAGNOSTICAS,coordinacionconsulta@hospitalsantamonica.gov.co,3302507 - ext. 315,RADIOLOGIA E IMÁGENES DIAGNOSTICAS
SANCHEZ BEDOYA BEATRIZ ELENA,BEATRIZ ELENA SANCHEZ BEDOYA,CERTIFICACIONES DE DISCAPACIDAD,coordinacionambulatorios@hospitalsantamonica.gov.co,3302507 - ext. 125-127,SEDE PRINCIPAL
SANCHEZ GUTIERREZ BEATRIZ ELENA,BEATRIZ ELENA SANCHEZ GUTIERREZ,PROFESIONAL UNIVERSITARIO ÁREA SALUD (TERAPIA FÍSICA),terapiafisica@hospitalsantamonica.gov.co,3302507 - ext. 386,TERAPIA FISICA
MONCADA GALVIS BLANCA VIVIANA,BLANCA VIVIANA MONCADA GALVIS,"COORDINADOR OPERATIVO DEL PROYECTO ""TRANSFORMA TU VIDA CON CAMAD""",coordinacionambulatorios@hospitalsantamonica.gov.co,3302507 - ext. 125-127,SEDE PRINCIPAL
MORENO GALLEGO CAMILO ANDRÉS,CAMILO ANDRÉS MORENO GALLEGO,MEDICO INTERNISTA,coordinacionconsulta@hospitalsantamonica.gov.co,3302507 - ext. 125-126,SEDE PRINCIPAL
DURANGO MEDINA CARLOS AUGUSTO,CARLOS AUGUSTO DURANGO MEDINA,GINECO-OBSTETRA,coordinacionconsulta@hospitalsantamonica.gov.co,3302507 - ext. 125-126,SEDE PRINCIPAL
GAMBOA MACHADO CARLOS FARID,CARLOS FARID GAMBOA MACHADO,TRABAJADOR(A) SOCIAL,coordinacionambulatorios@hospitalsantamonica.gov.co,3302507 - ext. 202,SEDE PRINCIPAL
RAMIREZ ROJAS CARLOS MARIO,CARLOS MARIO RAMIREZ ROJAS,ODONTOLOGO,coordinacionambulatorios@hospitalsantamonica.gov.co,3302507 - ext. 276,SERVICIO DE ODONTOLOGIA
ROJAS RODRIGUEZ CARLOS ARTURO,CARLOS ARTURO ROJAS RODRIGUEZ,GASTROENTERÓLOGO,coordinacionconsulta@hospitalsantamonica.gov.co,3302507 - ext. 230,SEDE PRINCIPAL
TORO RIOS CARLOS HUGO,CARLOS HUGO TORO RIOS,"PSICOLOGO CAMAD""",coordinacionambulatorios@hospitalsantamonica.gov.co,3302507 - ext. 190,SEDE PRINCIPAL
FRANCO GUTIERREZ CAROLINA,CAROLINA FRANCO GUTIERREZ,MEDICO NEUROLOGO,coordinacionconsulta@hospitalsantamonica.gov.co,3302507 - ext. 125-127,SEDE PRINCIPAL
RAMIREZ MONTES CAROLINA,CAROLINA RAMIREZ MONTES,AUXILIAR ENFERMERIA,coordinacionambulatorios@hospitalsantamonica.gov.co,3302507 - ext. 125-126,SEDE PRINCIPAL
GOMEZ MENDIETA CATALINA,CATALINA GOMEZ MENDIETA,ENFERMERA PROFESIONAL,coordinacionambulatorios@hospitalsantamonica.gov.co,3302507 - ext. 202,SEDE PRINCIPAL
YEPES GIRON CATALINA,CATALINA YEPES GIRON,ODONTOLOGA,coordinacionambulatorios@hospitalsantamonica.gov.co,3302507 - ext. 499,SEDE PRINCIPAL
TAMAYO SEPULVEDA CESAR AUGUSTO,CESAR AUGUSTO TAMAYO SEPULVEDA,REVISORIA FISCAL,revisoriafiscal@hospitalsantamonica.gov.co,3302507 - ext. 231,SEDE PRINCIPAL
ZAPATA TORRES CESAR AUGUSTO,CESAR AUGUSTO ZAPATA TORRES,REHABILITADOR ORAL,coordinacionodontologica@hospitalsantamonica.gov.co,3302507 - ext. 125-126,SEDE PRINCIPAL
SANTOFIMIO CINFUENTES CHRISTIAN,CHRISTIAN SANTOFIMIO CINFUENTES,SUBGERENTE ADMINISTRATIVO Y FINANCIERO,financiera@hospitalsantamonica.gov.co,3302507 - ext. 288,FINANCIERA
NARVAEZ LLANOS CLAUDIA MILENA,CLAUDIA MILENA NARVAEZ LLANOS,TÉCNICO ÁREA SALUD (RADIOLOGÍA E IMÁGENES DIAGNÓSTICAS),coordinacionconsulta@hospitalsantamonica.gov.co,3302507 - ext. 417,IMAGENOLOGÍA
VARGAS VASQUEZ CLAUDIA PATRICIA,CLAUDIA PATRICIA VARGAS VASQUEZ,LIDER DE SISTEMA DE GESTION DE CALIDAD,coordinacioncalidad@hospitalsantamonica.gov.co,3302507 - ext. 231,SEDE PRINCIPAL
HOYOS ESTRADA CONSTANZA,CONSTANZA HOYOS ESTRADA,AUXILIAR SERVICIOS GENERALES,coordinacionambulatorios@hospitalsantamonica.gov.co,3302507 - ext. 206,SANTA TERESITA
MARIN VEGA CRISTIAN MAURICIO,CRISTIAN MAURICIO MARIN VEGA,AUXILIAR ENFERMERIA,coordinacionambulatorios@hospitalsantamonica.gov.co,3302507 - ext. 125-128,SEDE PRINCIPAL
BORJA MARIN DANIEL,DANIEL BORJA MARIN,APOYO A LA GESTION COMERCIAL,mercadeo@hospitalsantamonica.gov.co,3302507 - ext. 188,SEDE PRINCIPAL
CASTAÑO OCAMPO DANIELA,DANIELA CASTAÑO OCAMPO,PROFESIONAL UNIVERSITARIO (TALENTO HUMANO),recursoshumanos@hospitalsantamonica.gov.co,3302507 - ext. 127,TALENTO HUMANO
GALLEGO MARIN DANIELA,DANIELA GALLEGO MARIN,PSICOLOGA (APS),coordinacionambulatorios@hospitalsantamonica.gov.co,3302507 - ext. 125-126,SEDE PRINCIPAL
JURADO MOGOLLÓN DANIELA JURADO,DANIELA JURADO JURADO MOGOLLÓN,AUXILIAR ÁREA SALUD (ENFERMERÍA),coordinacioncirugia@hospitalsantamonica.gov.co,3302507 - ext. 433,CENTRAL DE MATERIALES
PAREJA ORTIZ DANIELA,DANIELA PAREJA ORTIZ,MEDICO,coordinacionambulatorios@hospitalsantamonica.gov.co,3302507 - ext. 125-128,SEDE PRINCIPAL
OCHOA ESTUPIÑAN DANNA SOFIA,DANNA SOFIA OCHOA ESTUPIÑAN,PSICOLOGA (APS),coordinacionambulatorios@hospitalsantamonica.gov.co,3302507 - ext. 125-126,SEDE PRINCIPAL
LLOREDA MENA DANNY JHOJANA,DANNY JHOJANA LLOREDA MENA,AUXILIAR ÁREA SALUD (ENFERMERÍA),laboratorio@hospitalsantamonica.gov.co,3302507 - ext. 456,LABORATORIO CLINICO
TELLO SALAZAR DAVID ALEJANDRO,DAVID ALEJANDRO TELLO SALAZAR,MEDICO INTERNISTA,coordinacionconsulta@hospitalsantamonica.gov.co,3302507 - ext. 138,SEDE PRINCIPAL
ZAPATA GIRALDO DAYANA ANDREA,DAYANA ANDREA ZAPATA GIRALDO,ENFERMERA PROFESIONAL,coordinacionambulatorios@hospitalsantamonica.gov.co,3302507 - ext. 7,SEDE PRINCIPAL
PÉREZ MONTOYA DERLYN CATERIN,DERLYN CATERIN PÉREZ MONTOYA,AUXILIAR ÁREA SALUD (ENFERMERÍA),coordinacioninternacion@hospitalsantamonica.gov.co,3302507 - ext. 437,HOSPITALIZACIÓN
AGUDELO SEPULVEDA DIANA PATRICIA,DIANA PATRICIA AGUDELO SEPULVEDA,NUTRICIONISTA,coordinacionconsulta@hospitalsantamonica.gov.co,3302507 - ext. 107,SEDE PRINCIPAL
ARIZA DUQUE DIANA CAROLINA,DIANA CAROLINA ARIZA DUQUE,MÉDICO,coordinacionurgencias@hospitalsantamonica.gov.co,3302507 - ext. 358,URGENCIAS
GONZALEZ CHALARCA DIANA,DIANA GONZALEZ CHALARCA,PSICOLOGA,coordinacionambulatorios@hospitalsantamonica.gov.co,3302507 - ext. 232,SEDE PRINCIPAL
MONCAYO MALES DIANA MARCELA,DIANA MARCELA MONCAYO MALES,ENFERMERA PROFESIONAL,coordinacionambulatorios@hospitalsantamonica.gov.co,3302507 - ext. 125-128,SEDE PRINCIPAL
MORALES CASTRO DIANA MILENA,DIANA MILENA MORALES CASTRO,AUXILIAR ÁREA SALUD (ENFERMERÍA),coordinacioncirugia@hospitalsantamonica.gov.co,3302507 - ext. 425,BLOQUE QUIRURGICO
MEDINA MORALES DIEGO ALEJANDRO,DIEGO ALEJANDRO MEDINA MORALES,MEDICICO INTERNISTA,coordinacionconsulta@hospitalsantamonica.gov.co,3302507 - ext. 230,SEDE PRINCIPAL
OSORIO VALENCIA DIEGO ANTONIO,DIEGO ANTONIO OSORIO VALENCIA,OPERARIO MANTENIMIENTO,coordinacionambulatorios@hospitalsantamonica.gov.co,3302507 - ext. 257,MANTENIMIENTO
MANCILLA TRIANA EDGAR MANUEL,EDGAR MANUEL MANCILLA TRIANA,JEFE DE OFICINA CONTROL INTERNO DISCIPLINARIO,coordinacionambulatorios@hospitalsantamonica.gov.co,3302507 - ext. 218,CONTROL INTERNO
HERRERA DIAZ ELEN SHIKANA,ELEN SHIKANA HERRERA DIAZ,AUXILIAR DE ENFERMERIA,coordinacionambulatorios@hospitalsantamonica.gov.co,3302507 - ext. 125-127,SEDE PRINCIPAL
CASTAÑEDA GIL ELIANA MILENA,ELIANA MILENA CASTAÑEDA GIL,AUXILIAR DE ENFERMERIA,coordinacionambulatorios@hospitalsantamonica.gov.co,3302507 - ext. 125-126,SEDE PRINCIPAL
PEREZ PEREZ EUCARIO,EUCARIO PEREZ PEREZ,SOPORTE SISTEMAS,sistemas@hospitalsantamonica.gov.co,3302507 - ext. 375,SISTEMAS
LLOREDA MENA FARILIS,FARILIS LLOREDA MENA,AUXILIAR ÁREA SALUD (ENFERMERÍA),coordinacionurgencias@hospitalsantamonica.gov.co,3302507 - ext. 460,URGENCIAS
OSORIO VALENCIA FRANCISCO JAVIER,FRANCISCO JAVIER OSORIO VALENCIA,MEDICO FAMILIAR,coordinacionconsulta@hospitalsantamonica.gov.co,3302507 - ext. 138,SEDE PRINCIPAL
MEJÍA CADAVID FRANCY EUNICE,FRANCY EUNICE MEJÍA CADAVID,PROFESIONAL UNIVERSITARIO (FACTURACION),oficialdecumplimiento@hospitalsantamonica.gov.co,3302507 - ext. 237,CAJA PRINCIPAL / TESORERIA
TABORDA SERNA FREDDY ALEXANDER,FREDDY ALEXANDER TABORDA SERNA,MEDICO FAMILIAR,coordinacionconsulta@hospitalsantamonica.gov.co,3302507 - ext. 287,SEDE PRINCIPAL
ARELLANO SANCHEZ GERARDO ARTURO,GERARDO ARTURO ARELLANO SANCHEZ,DERMATOLOGO,coordinacionconsulta@hospitalsantamonica.gov.co,3302507 - ext. 234,SEDE PRINCIPAL
FLOREZ MARIN GERARDO ANTONIO,GERARDO ANTONIO FLOREZ MARIN,SUPERVISION DE EJECUCION DE CONTRATOS DE MANTENIMIENTO,mantenimiento@hospitalsantamonica.gov.co,3302507 - ext. 125-127,SEDE PRINCIPAL
RESTREPO RESTREPO GINA MARCELA,GINA MARCELA RESTREPO RESTREPO,AUXILIAR DE ENFERMERIA (APS),coordinacionambulatorios@hospitalsantamonica.gov.co,3302507 - ext. 107,SEDE PRINCIPAL
GONZALEZ MORENO GLORIA MARIA,GLORIA MARIA GONZALEZ MORENO,MEDICO GENERAL,coordinacionambulatorios@hospitalsantamonica.gov.co,3302507 - ext. 202,EPIDEMIOLOGIA
MARMOLEJO TASCON GLORIA CENAIDA,GLORIA CENAIDA MARMOLEJO TASCON,ODONTOLOGO,coordinacionodontologica@hospitalsantamonica.gov.co,3302507 - ext. 233,SERVICIO DE ODONTOLOGÍA
PEREZ ARANGO GLORIA CONSUELO,GLORIA CONSUELO PEREZ ARANGO,ENFERMERA,coordinacionambulatorios@hospitalsantamonica.gov.co,3302507 - ext. 264,URGENCIAS
ECHEVERRY ROCHE GUSTAVO DE JESUS,GUSTAVO DE JESUS ECHEVERRY ROCHE,MEDICO GENERAL,autorizaciones@hospitalsantamonica.gov.co,3302507 - ext. 124,HOSPITALIZACIÓN
GIRALDO HERNAN ENRIQUE,HERNAN ENRIQUE GIRALDO,PEDIATRA,coordinacionconsulta@hospitalsantamonica.gov.co,3302507 - ext. 138,SEDE PRINCIPAL
SUAREZ RIASCOS HICELA,HICELA SUAREZ RIASCOS,ENFERMERA PROFESIONAL,coordinacionambulatorios@hospitalsantamonica.gov.co,3302507 - ext. 191,SEDE PRINCIPAL
VILLA VELASQUEZ HOOVERMAN,HOOVERMAN VILLA VELASQUEZ,IMÁGENES DIAGNOSTICAS,coordinacionconsulta@hospitalsantamonica.gov.co,3302507 - ext. 141,SEDE PRINCIPAL
QUINTERO ZULUAGA HUGO MAURICIO,HUGO MAURICIO QUINTERO ZULUAGA,MEDICO AUDITOR,calidad@hospitalsantamonica.gov.co,3302507 - ext. 313,SEDE PRINCIPAL
GOMEZ MONTOYA HUMBERTO,HUMBERTO GOMEZ MONTOYA,MEDICO,coordinacionambulatorios@hospitalsantamonica.gov.co,3302507 - ext. 232,SEDE PRINCIPAL
FONSECA GAMEZ INTI,INTI FONSECA GAMEZ,MEDICO INTERNISTA,coordinacionconsulta@hospitalsantamonica.gov.co,3302507 - ext. 138,SEDE PRINCIPAL
VANEGAS CARDONA JAIME ALBERTO,JAIME ALBERTO VANEGAS CARDONA,MEDICO GENERAL,coordinacionconsulta@hospitalsantamonica.gov.co,3302507 - ext. 230,MEDICO GENERAL
SALAZAR ROJAS JAMES ADALBERTH,JAMES ADALBERTH SALAZAR ROJAS,MEDICO LABORAL,coordinacionconsulta@hospitalsantamonica.gov.co,3302507 - ext. 230,SEDE PRINCIPAL
COLLAZOS ORTIZ JAMILETH,JAMILETH COLLAZOS ORTIZ,PSICOLOGA,coordinacionambulatorios@hospitalsantamonica.gov.co,3302507 - ext. 230,SEDE PRINCIPAL
SALDARRIAGA GAVIRIA JEIMI DAIFENY,JEIMI DAIFENY SALDARRIAGA GAVIRIA,AUXILIAR AREA SALUD ENFERMERÌA,autorizaciones@hospitalsantamonica.gov.co,3302507 - ext. 335,CENTRAL DE MATERIALES
FUENTES RODAS JENNY LORENA,JENNY LORENA FUENTES RODAS,CARTERA,cartera@hospitalsantamonica.gov.co,3302507 - ext. 125-127,SEDE PRINCIPAL
JIMENEZ DUQUE JEYSON JULIAN,JEYSON JULIAN JIMENEZ DUQUE,ORTODONCISTA,coordinacionodontologica@hospitalsantamonica.gov.co,3302507 - ext. 125-126,SEDE PRINCIPAL
MARTINEZ MARTINEZ JHON EDWIN,JHON EDWIN MARTINEZ MARTINEZ,ENFERMERO PROFESIONAL,coordinacionambulatorios@hospitalsantamonica.gov.co,3302507 - ext. 232,SEDE PRINCIPAL
TABARES GARCIA JHON FAVER,JHON FAVER TABARES GARCIA,SISTEMAS,sistemas@hospitalsantamonica.gov.co,3302507 - ext. 287,SEDE PRINCIPAL
TOVAR ARANGO JHON JAIME,JHON JAIME TOVAR ARANGO,CIRUJANO GENERAL,coordinacionconsulta@hospitalsantamonica.gov.co,3302507 - ext. 125-126,SEDE PRINCIPAL
URIBE GORDILLO JHON EDIER,JHON EDIER URIBE GORDILLO,CARTERA,cartera@hospitalsantamonica.gov.co,3302507 - ext. 294,SEDE PRINCIPAL
GIRALDO GOMEZ JHONNY ESTEBAN,JHONNY ESTEBAN GIRALDO GOMEZ,ENFERMERA PROFESIONAL (APS),coordinacionambulatorios@hospitalsantamonica.gov.co,3302507 - ext. 125-129,SEDE PRINCIPAL
AMAYA PRINCE JHOVANA MARCELA,JHOVANA MARCELA AMAYA PRINCE,AUXILIAR DE ENFERMERIA CAMAD,coordinacionambulatorios@hospitalsantamonica.gov.co,3302507 - ext. 231,SEDE PRINCIPAL
OSPINA CASTAÑO JOHN JAIRO,JOHN JAIRO OSPINA CASTAÑO,PEDIATRA,coordinacionconsulta@hospitalsantamonica.gov.co,3302507 - ext. 125-126,SEDE PRINCIPAL
GUTIÉREZ SERNA JOHON HEYVER,JOHON HEYVER GUTIÉREZ SERNA,PROFESIONAL UNIVERSITARIO ÁREA SALUD (PSICOLOGÍA),coordinacionurgencias@hospitalsantamonica.gov.co,3302507 - ext. 394,URGENCIAS
ARISMENDI RAMIREZ JONATHAN,JONATHAN ARISMENDI RAMIREZ,INGENIERIA EN SISTEMAS,sistemas@hospitalsantamonica.gov.co,3302507 - ext. 125-127,SEDE PRINCIPAL
CARDONA ESTRADA JORGE IVAN,JORGE IVAN CARDONA ESTRADA,CIRUJANO MAXILOFACIAL,coordinacionodontologica@hospitalsantamonica.gov.co,3302507 - ext. 195,SEDE PRINCIPAL
FERNANDEZ PARRA JORGE IVAN,JORGE IVAN FERNANDEZ PARRA,ASESOR (CONTROL INTERNO),controlinterno@hospitalsantamonica.gov.co,3302507 - ext. 190,CONTROL INTERNO
GRAJALES MONTOYA JORGE ANDRÉS,JORGE ANDRÉS GRAJALES MONTOYA,AUXILIAR ÁREA SALUD (ENFERMERÍA),coorinacionambulatorio@hospitalsantamonica.gov.co,3302507 - ext. 464,CONSULTA EXTERNA
IBATA MOLINA JORGE MARIO,JORGE MARIO IBATA MOLINA,GINECÓ-OBSTETRA,coordinacionconsulta@hospitalsantamonica.gov.co,3302507 - ext. 190,SEDE PRINCIPAL
SERNA GONZÁLEZ JORGE ENRIQUE,JORGE ENRIQUE SERNA GONZÁLEZ,ANESTESIÓLOGO,coordinacionconsulta@hospitalsantamonica.gov.co,3302507 - ext. 125-126,SEDE PRINCIPAL
TABARES GARCÍA JORGE ANDRÉS,JORGE ANDRÉS TABARES GARCÍA,ASESORIA A LA ESE EN LOS PROCESOS ESTRATEGICOS,sistemas@hospitalsantamonica.gov.co,3302507 - ext. 191,SEDE PRINCIPAL
AGUDELO SALAZAR JOSE ABEL,JOSE ABEL AGUDELO SALAZAR,MENSAJERIA,coordinacionsistemas@hospitalsantamonica.gov.co,3302507 - ext. 230,SEDE PRINCIPAL
CARDONA DEAZA JOSE LUIS,JOSE LUIS CARDONA DEAZA,MEDICO PATOLOGO,coordinacionconsulta@hospitalsantamonica.gov.co,3302507 - ext. 230,SEDE PRINCIPAL
GAVIRIA OSORIO JOSE ALVARO,JOSE ALVARO GAVIRIA OSORIO,MEDICO GENERAL,coordinacionambulatorios@hospitalsantamonica.gov.co,3302507 - ext. 194,CONSULTA EXTERNA
MOYA ACUÑA JOSE ALEXANDER,JOSE ALEXANDER MOYA ACUÑA,GINECO-OBSTETRA,coordinacionconsulta@hospitalsantamonica.gov.co,3302507 - ext. 230,SEDE PRINCIPAL
ARISTIZABAL BEDOYA JUAN CAMILO,JUAN CAMILO ARISTIZABAL BEDOYA,INGENIERO DE SISTEMAS,sistemas@hospitalsantamonica.gov.co,3302507 - ext. 375,SEDE PRINCIPAL
BERNAL ARAGON JUAN GUILLERMO,JUAN GUILLERMO BERNAL ARAGON,MEDICO GENERAL,autorizaciones@hospitalsantamonica.gov.co,3302507 - ext. 126,CIRUGIA
CORREA ARBELAEZ JUAN CARLOS,JUAN CARLOS CORREA ARBELAEZ,SUBGERENTE ADMINISTRATIVO ASISTENCIAL,coordinacionambulatorios@hospitalsantamonica.gov.co,3302507,HOSPITALIZACIÓN
GALLEGO HOYOS JUAN CAMILO,JUAN CAMILO GALLEGO HOYOS,CIRUGIA MAXILOFACIAL,coordinacionodontologica@hospitalsantamonica.gov.co,3302507 - ext. 125-126,SEDE PRINCIPAL
GAVIRIA MAYA JUAN ESTEBAN,JUAN ESTEBAN GAVIRIA MAYA,MEDICO GINECOBSTETRA,coordinacionconsulta@hospitalsantamonica.gov.co,3302507 - ext. 125-126,SEDE PRINCIPAL
MARIN GOMEZ JUAN CARLOS,JUAN CARLOS MARIN GOMEZ,GERENTE,gerencia@hospitalsantamonica.gov.co,3302507 - ext. 221,ADMINISTRACIÓN
MEJIA DUQUE JUAN CARLOS,JUAN CARLOS MEJIA DUQUE,MÉDICO,coordinacionambulatorios@hospitalsantamonica.gov.co,3302507 - ext. 347,CONSULTA EXTERNA
OSPINA CALLE JUAN CRISTÓBAL,JUAN CRISTÓBAL OSPINA CALLE,CIRUJANO GENERAL,coordinacionconsulta@hospitalsantamonica.gov.co,3302507 - ext. 125-126,SEDE PRINCIPAL
PULGARIN QUINTERO JUAN ESTEBAN,JUAN ESTEBAN PULGARIN QUINTERO,MEDICO (APS),coordinacionambulatorios@hospitalsantamonica.gov.co,3302507 - ext. 502,SEDE PRINCIPAL
ARIAS GARCIA JULIANA,JULIANA ARIAS GARCIA,JEFE DE OFICINA JURIDICA,juridica@hospitalsantamonica.gov.co,3302507 - ext. 108,JURIDICA
CARDENAS VELASQUEZ JULIANA MARIA,JULIANA MARIA CARDENAS VELASQUEZ,DIGITACION PROYECTO CAMAD,coordinacionambulatorios@hospitalsantamonica.gov.co,3302507 - ext. 125-126,SEDE PRINCIPAL
OSORIO HOYOS JULIANA,JULIANA OSORIO HOYOS,ODONTOLOGA,coordinacionodontologica@hospitalsantamonica.gov.co,3302507 - ext. 261,SERVICIO DE ODONTOLOGIA
GRANADOS NARVAEZ KAREN,KAREN GRANADOS NARVAEZ,TECNICO LABORAL EN AUXILIAR DE ENFERMERIA,coordinacionambulatorios@hospitalsantamonica.gov.co,3302507 - ext. 204,SEDE PRINCIPAL
VIQUE LAVERDE KAROL YIZETH,KAROL YIZETH VIQUE LAVERDE,TRABAJADORA SOCIAL,siau@hospitalsantamonica.gov.co,3302507 - ext. 304,SIAU
LONDOÑO GONZALEZ KATHERINE,KATHERINE LONDOÑO GONZALEZ,TEC. ADMINISTRATIVA,sistemasdeinformacion@hospitalsantamonica.gov.co,3302507 - ext. 198,SEDE PRINCIPAL
VALENCIA LOAIZA KATHERINE,KATHERINE VALENCIA LOAIZA,ENFERMERA,coordinacionurgencias@hospitalsantamonica.gov.co,3302507 - ext. 378,URGENCIAS
CORTES VELEZ KELLY FAISURI,KELLY FAISURI CORTES VELEZ,AUXILIAR AREA SALUD ENFERMERÌA,coordinacionurgencias@hospitalsantamonica.gov.co,3302507 - ext. 308,URGENCIAS
VASQUEZ RODRIGUEZ KELLY DAHIANNA,KELLY DAHIANNA VASQUEZ RODRIGUEZ,PSICOLOGA (APS),coordinacionambulatorios@hospitalsantamonica.gov.co,3302507 - ext. 450,SEDE PRINCIPAL
GONZALEZ LOPEZ LADY ESTELLA,LADY ESTELLA GONZALEZ LOPEZ,AUXILIAR ADMINISTRATIVO FACTURACIÒN,coordinacionambulatorios@hospitalsantamonica.gov.co,3302507 - ext. 198,CAJA CONSULTA EXTERNA
CARVAJAL MARTÍNEZ LAURA JISSETH,LAURA JISSETH CARVAJAL MARTÍNEZ,AUXILIAR AREA SALUD (ODONTOLOGÍA),coordinacionodontologica@hospitalsantamonica.gov.co,3302507 - ext. 421,ODONTOLOGIA
GAVIRIA OCAMPO LAURA,LAURA GAVIRIA OCAMPO,ENFERMERA PROFESIONAL,coordinacionambulatorios@hospitalsantamonica.gov.co,3302507 - ext. 125-126,SEDE PRINCIPAL
MARQUEZ OSORIO LAURA MILENA,LAURA MILENA MARQUEZ OSORIO,PSICOLOGA,coordinacionambulatorios@hospitalsantamonica.gov.co,3302507 - ext. 125-127,SEDE PRINCIPAL
VELASQUEZ VELEZ LAURA,LAURA VELASQUEZ VELEZ,AUXILIAR DE ENFERMERIA,coordinacionambulatorios@hospitalsantamonica.gov.co,3302507 - ext. 203,SEDE PRINCIPAL
BUITRAGO SANCHEZ LEANDRA,LEANDRA BUITRAGO SANCHEZ,ENFERMERA PROFESIONAL (APS),coordinacionambulatorios@hospitalsantamonica.gov.co,3302507 - ext. 125-129,SEDE PRINCIPAL
GIRALDO BAYER LEIDI ZORANY,LEIDI ZORANY GIRALDO BAYER,AUXILIAR DE ENFERMERIA CAMAD,coordinacionambulatorios@hospitalsantamonica.gov.co,3302507 - ext. 287,SEDE PRINCIPAL
MOSQUERA JORDAN LEIDY CAROLINA,LEIDY CAROLINA MOSQUERA JORDAN,AUXILIAR ENFERMERIA,coordinacionambulatorios@hospitalsantamonica.gov.co,3302507 - ext. 232,SEDE PRINCIPAL
ESPINOSA HERNÁNDEZ LEYDY YOHANA,LEYDY YOHANA ESPINOSA HERNÁNDEZ,AUXILIAR AREA SALUD ENFERMERÌA,autorizaciones@hospitalsantamonica.gov.co,3302507 - ext. 311,CONSULTA EXTERNA
VALENCIA ARIAS LILIANA LORENA,LILIANA LORENA VALENCIA ARIAS,ODONTOLOGA,coordinacionodontologica@hospitalsantamonica.gov.co,3302507 - ext. 405,ODONTOLOGIA
ARICAPA ARIAS LINA MARCELA,LINA MARCELA ARICAPA ARIAS,AUXILIAR DE ENFERMERIA,coordinacionambulatorios@hospitalsantamonica.gov.co,3302507 - ext. 231,SEDE PRINCIPAL
HENAO GRISALES LINA MARCELA,LINA MARCELA HENAO GRISALES,AUXILIAR ENFERMERIA,coordinacionambulatorios@hospitalsantamonica.gov.co,3302507 - ext. 188,SEDE PRINCIPAL
MARIN ZAMORA LINA MARCELA,LINA MARCELA MARIN ZAMORA,ENFERMERA,coordinacioncirugia@hospitalsantamonica.gov.co,3302507 - ext. 370,BLOQUE QUIRURGICO
MONCADA VEGA LINA MARIELA,LINA MARIELA MONCADA VEGA,SERVICIOS PERSONALES COMUNITARIOS CAMAD,coordinacionambulatorios@hospitalsantamonica.gov.co,3302507 - ext. 230,SEDE PRINCIPAL
RENDÒN TORRES LINA BEATRÌZ,LINA BEATRÌZ RENDÒN TORRES,ODONTOLOGO,coordinacionambulatorios@hospitalsantamonica.gov.co,3302507 - ext. 280,SERVICIO DE ODONTOLOGIA
RIOS CASTRO LINA CAROLINA,LINA CAROLINA RIOS CASTRO,PSICOLOGA,coordinacionambulatorios@hospitalsantamonica.gov.co,3302507 - ext. 192,SEDE PRINCIPAL
GIRALDO PEREZ LIZ KAREN,LIZ KAREN GIRALDO PEREZ,AUXILIAR ENFERMERIA,coordinacionambulatorios@hospitalsantamonica.gov.co,3302507 - ext. 230,SEDE PRINCIPAL
BETANCOURT LARGO LIZETH VIVIANA,LIZETH VIVIANA BETANCOURT LARGO,APOYO ADMNISIRATIVO (APS),coordinacionambulatorios@hospitalsantamonica.gov.co,3302507 - ext. 107,SEDE PRINCIPAL
CASTRO LORENA,LORENA CASTRO,COORDINACION DE MANTENIMIENTO HOSPITALARIO,mantenimiento@hospitalsantamonica.gov.co,3302507 - ext. 242,SEDE PRINCIPAL
CORTES FRANCO LUCY,LUCY CORTES FRANCO,SUPERVISION DE CONTRATOS,interventorias@hospitalsantamonica.gov.co,3302507 - ext. 125-126,SEDE PRINCIPAL
BELTRAN ORDOÑEZ LUDY CAROLINA,LUDY CAROLINA BELTRAN ORDOÑEZ,MÉDICA OTORRINOLARINGÓLOGA,coordinacionconsulta@hospitalsantamonica.gov.co,3302507 - ext. 287,SEDE PRINCIPAL
ARENAS ROJAS LUIS CARLOS,LUIS CARLOS ARENAS ROJAS,MEDICO GENERAL,autorizaciones@hospitalsantamonica.gov.co,3302507-ext 291,HOSPITALIZACIÓN
CHICA ORREGO LUIS EDUARDO,LUIS EDUARDO CHICA ORREGO,"PSICOLOGO CAMAD""",coordinacionambulatorios@hospitalsantamonica.gov.co,3302507 - ext. 230,SEDE PRINCIPAL
JIMENEZ SANZ LUIS MIGUEL,LUIS MIGUEL JIMENEZ SANZ,GINECO-OBSTETRA,coordinacionconsulta@hospitalsantamonica.gov.co,3302507 - ext. 230,SEDE PRINCIPAL
CARMONA CÁRDENAS LUISA MARÍA,LUISA MARÍA CARMONA CÁRDENAS,AUXILIAR ÁREA SALUD (ENFERMERÍA),,3302507 - ext. 429,HOSPITALIZACIÓN
RAMÍREZ JÁCOME LUISA FERNANDA,LUISA FERNANDA RAMÍREZ JÁCOME,ENFERMERA LÍDER SEGURIDAD DEL PACIENTE,auditoria@hospitalsantamonica.gov.co,3302507 - ext. 46,SEDE PRINCIPAL
RENGIFO BERMUDEZ LURDIS FANERY,LURDIS FANERY RENGIFO BERMUDEZ,ENFERMERA PROFESIONAL (APS),coordinacionambulatorios@hospitalsantamonica.gov.co,3302507 - ext. 230,SEDE PRINCIPAL
ARCILA ALVAREZ LUZ STELLA,LUZ STELLA ARCILA ALVAREZ,AUXILIAR AREA SALUD ENFERMERÍA,sistemas@hospitalsantamonica.gov.co,3302507 - ext 107,CENTRAL DE MATERIALES
CARDENAS ALVAREZ LUZ PIEDAD,LUZ PIEDAD CARDENAS ALVAREZ,PROFESIONAL UNIVERSITARIO (TRABAJADORA SOCIAL),coordinacionurgencias@hospitalsantamonica.gov.co,3302507 - ext. 398,URGENCIAS
CARDENAS ALVAREZ LUZ PIEDAD,LUZ PIEDAD CARDENAS ALVAREZ,CERTIFICACIONES DE DISCAPACIDAD,coordinacionambulatorios@hospitalsantamonica.gov.co,3302507 - ext. 125-127,SEDE PRINCIPAL
CASTAÑO MARIN LUZ AIDÉE,LUZ AIDÉE CASTAÑO MARIN,FISIOTERAPEUTA,coordinacionconsulta@hospitalsantamonica.gov.co,3302507 - ext. 125-126,SEDE PRINCIPAL
GUZMAN PEREZ LUZ ADRIANA,LUZ ADRIANA GUZMAN PEREZ,PSICOLOGA,coordinacionambulatorios@hospitalsantamonica.gov.co,3302507 - ext. 188,SEDE PRINCIPAL
HERNANDEZ PEREZ LUZ ELENA,LUZ ELENA HERNANDEZ PEREZ,AUXILIAR ENFERMERIA,coordinacionambulatorios@hospitalsantamonica.gov.co,3302507 - ext. 125-128,SEDE PRINCIPAL
MILLÁN GAVIRIA LUZ ELENA,LUZ ELENA MILLÁN GAVIRIA,MEDICO GENERAL,coordinacionambulatorios@hospitalsantamonica.gov.co,3302507 - ext. 245,PARTOS
ORDOÑEZ LOPEZ LUZ ADRIANA,LUZ ADRIANA ORDOÑEZ LOPEZ,ENFERMERA,coordinacionambulatorios@hospitalsantamonica.gov.co,3302507 - ext. 253,CONSULTA EXTERNA
PALACIO GARCIA LUZ ADRIANA,LUZ ADRIANA PALACIO GARCIA,CONTADORA,contabilidad@hospitalsantamonica.gov.co,3302507 - ext. 230,SEDE PRINCIPAL
RENDON GRANADA LUZ PIEDAD,LUZ PIEDAD RENDON GRANADA,AUXILIAR AREA SALUD ODONTOLOGIA,coordinacionodontologica@hospitalsantamonica.gov.co,3302507 - ext. 323,SALUD ORAL
SALAZAR LONDOÑO LUZ ESTRELLA,LUZ ESTRELLA SALAZAR LONDOÑO,AUXILIAR AREA SALUD ENFERMERÌA,autorizaciones@hospitalsantamonica.gov.co,3302507 - ext. 331,CONSULTA EXTERNA
CANO SALAZAR LYDA MARIA,LYDA MARIA CANO SALAZAR,GINECÓ-OBSTETRA,coordinacionconsulta@hospitalsantamonica.gov.co,3302507 - ext. 138,SEDE PRINCIPAL
OCAMPO TREJOS MANUELA,MANUELA OCAMPO TREJOS,MEDICINA GENERAL CAMAD,coordinacionambulatorios@hospitalsantamonica.gov.co,3302507 - ext. 108,MEDICINA GENERAL CAMAD
GONZALEZ HERNANDEZ MARCELA,MARCELA GONZALEZ HERNANDEZ,EJECUCION DEL PROCESO PRESUPUESTAL,financiera@hospitalsantamonica.gov.co,3302507 - ext. 125-126,SEDE PRINCIPAL
CASTELLANOS DE MOYA MARCELO,MARCELO CASTELLANOS DE MOYA,MÉDICO,coordinacionurgencias@hospitalsantamonica.gov.co,3302507 - ext. 355,URGENCIAS
ECHEVERRY RESTREPO MARGARITA,MARGARITA ECHEVERRY RESTREPO,(REDES SOCIALES Y MEDIOS DE COMUNICACIÓN),comunicaciones@hospitalsantamonica.gov.co,3302507 - ext. 188,SEDE PRINCIPAL
AGUDELO GUTIERREZ MARIA ALEYDA,MARIA ALEYDA AGUDELO GUTIERREZ,AUXILIAR ADMINISTRATIVO HISTORIAS CLÍNICAS,sistemas@hospitalsantamonica.gov.co,3302507-ext 107,ESTADISTICA/ HISTORIAS CLINICAS
CALLE ARENAS MARÍA CAROLINA,MARÍA CAROLINA CALLE ARENAS,AUXILIAR ÁREA SALUD (ENFERMERÍA),,3302507 - ext. 452,HOSPITALIZACIÓN
CARDONA OSORIO MARIA ARMIDA,MARIA ARMIDA CARDONA OSORIO,ENFERMERA,autorizaciones@hospitalsantamonica.gov.co,3302507 - ext. 124,HOSPITALIZACIÓN
GOMEZ PEREZ MARIA ALEJANDRA,MARIA ALEJANDRA GOMEZ PEREZ,PROFESIONAL UNIVERSITARIO ÁREA SALUD (TERAPEUTA RESPIRATORIO),,3302507 - ext. 402,HOSPITALIZACIÓN
GONZALEZ RAMIREZ MARIA CAMILA,MARIA CAMILA GONZALEZ RAMIREZ,ENFERMERA CADRI,coordinacionambulatorios@hospitalsantamonica.gov.co,3302507 - ext. 204,SEDE PRINCIPAL
GUTIERREZ GUTIERREZ MARIA CAMILA,MARIA CAMILA GUTIERREZ GUTIERREZ,GESTION DE CALIDAD Y AUDITORIA,calidad@hospitalsantamonica.gov.co,3302507 - ext. 46,SEDE PRINCIPAL
HIGIDO PINTA MARIA FERNANDA,MARIA FERNANDA HIGIDO PINTA,AUXILIAR ENFERMERIA,coordinacionambulatorios@hospitalsantamonica.gov.co,3302507 - ext. 125-128,SEDE PRINCIPAL
MARIN GRAJALES MARIA EUGENIA,MARIA EUGENIA MARIN GRAJALES,PROFESIONAL UNIVERSITARIO (TESORERIA),tesoreria@hospitalsantamonica.gov.co,3302507 - ext. 225,FINANCIERA
MEZA FERLONI MARÍA ASCENCIÓN,MARÍA ASCENCIÓN MEZA FERLONI,ANESTESIÓLOGA,coordinacionconsulta@hospitalsantamonica.gov.co,3302507 - ext. 125-126,SEDE PRINCIPAL
MUÑOZ OSORIO MARIA ALEJANDRA,MARIA ALEJANDRA MUÑOZ OSORIO,ODONTOLOGA,coordinacionambulatorios@hospitalsantamonica.gov.co,3302507 - ext. 188,SEDE PRINCIPAL
RESTREPO OSORIO MARIA CAMILA,MARIA CAMILA RESTREPO OSORIO,PSICOLOGA,coordinacionambulatorios@hospitalsantamonica.gov.co,3302507 - ext. 561,SEDE PRINCIPAL
RIVERA GONZALEZ MARIA DEL PILAR,MARIA DEL PILAR RIVERA GONZALEZ,AUXILIAR AREA SALUD ENFERMERÌA,coordinacionambulatorios@hospitalsantamonica.gov.co,3302507 - ext. 284,CENTRAL DE MATERIALES
TREJOS HOYOS MARIANA ANDREA,MARIANA ANDREA TREJOS HOYOS,ENFERMERA PROFESIONAL,coordinacionambulatorios@hospitalsantamonica.gov.co,3302507 - ext. 107,SEDE PRINCIPAL
VELEZ BETANCUR MARIANA,MARIANA VELEZ BETANCUR,PSICOLOGA,coordinacionambulatorios@hospitalsantamonica.gov.co,3302507 - ext. 125-128,SEDE PRINCIPAL
BENJUMEA VANEGAS MARTHA CECILIA,MARTHA CECILIA BENJUMEA VANEGAS,ENFERMERA,autorizaciones@hospitalsantamonica.gov.co,3302507 - ext. 126,CIRUGIA
ESTRADA OSPINA MARTHA LUCY,MARTHA LUCY ESTRADA OSPINA,MEDICO GENERAL,coordinacionambulatorios@hospitalsantamonica.gov.co,3302507,CONSULTA EXTERNA / LA RITA
GIRALDO GIRALDO MARTHA CECILIA,MARTHA CECILIA GIRALDO GIRALDO,ENFERMERA PROFESIONAL,coordinacionambulatorios@hospitalsantamonica.gov.co,3302507 - ext. 203,SEDE PRINCIPAL
HENAO FRANCO MARTHA LEDY,MARTHA LEDY HENAO FRANCO,PROFESIONAL UNIVERSITARIO ÁREA SALUD (INSTRUMENTADORA QUIRÚRGICA),coordinacioncirugia@hospitalsantamonica.gov.co,3302507 - ext. 409,BLOQUE QUIRURGICO
MESA RODRÍGUEZ MARTHA INÉS,MARTHA INÉS MESA RODRÍGUEZ,AUXILIAR AREA SALUD ENFERMERÌA,coordinacionambulatorios@hospitalsantamonica.gov.co,3302507 - ext. 241,HOSPITALIZACIÓN
OSORIO RODRÍGUEZ MARTHA LUCÍA,MARTHA LUCÍA OSORIO RODRÍGUEZ,AUXILIAR AREA SALUD ENFERMERÌA,autorizaciones@hospitalsantamonica.gov.co,3302507 - ext. 319,INTERNACIÓN
YEPES BALLESTEROS MARTHA ERESBEY,MARTHA ERESBEY YEPES BALLESTEROS,ENFERMERA,autorizaciones@hospitalsantamonica.gov.co,3302507 - ext. 291,ENFERMERIA
FUENTES DE LA PAZ MAURICIO ALBERTO,MAURICIO ALBERTO FUENTES DE LA PAZ,MEDICO FAMILIAR,coordinacionconsulta@hospitalsantamonica.gov.co,3302507 - ext. 125-126,SEDE PRINCIPAL
NOREÑA OSPINA MAURICIO,MAURICIO NOREÑA OSPINA,MEDICO AUDITOR,calidad@hospitalsantamonica.gov.co,3302507 - ext. 188,SEDE PRINCIPAL
ESPÌRITU RECONECTANDO CUERPO MENTE-,MENTE- ESPÌRITU RECONECTANDO CUERPO,SALUD MENTAL,coordinacionambulatorios@hospitalsantamonica.gov.co,3302507 - ext. 193,SEDE PRINCIPAL
PEÑALVER SPECK MIGUEL,MIGUEL PEÑALVER SPECK,MEDICO GASTROENTEROLOGIA,coordinacionconsulta@hospitalsantamonica.gov.co,3302507 - ext. 230,SEDE PRINCIPAL
CASTAÑO GALVIS MILENA,MILENA CASTAÑO GALVIS,PROFESIONAL UNIVERSITARIO ÁREA SALUD (TERAPIA FÍSICA),terapiafisica@hospitalsantamonica.gov.co,3302507 - ext. 390,TERAPIA FISICA
CABRERA ORTEGA MONICA FERNANDA,MONICA FERNANDA CABRERA ORTEGA,PSICOLOGA,coordinacionambulatorios@hospitalsantamonica.gov.co,3302507 - ext. 125-126,SEDE PRINCIPAL
CALLE CARDONA MONICA DEL PILAR,MONICA DEL PILAR CALLE CARDONA,MEDICO GENERAL,autorizaciones@hospitalsantamonica.gov.co,3302507 - ext. 124,HOSPITALIZACIÓN
COY CEBALLOS MONICA PAOLA,MONICA PAOLA COY CEBALLOS,ENFERMERA PROFESIONAL,coordinacionambulatorios@hospitalsantamonica.gov.co,3302507 - ext. 623,SEDE PRINCIPAL
CORREA BAYER NATALIA,NATALIA CORREA BAYER,ENFERMERA PROFESIONAL,coordinacionambulatorios@hospitalsantamonica.gov.co,3302507 - ext. 138,SEDE PRINCIPAL
RODRIGUEZ RAMIREZ NATHALIA,NATHALIA RODRIGUEZ RAMIREZ,FISOTERAPEUTA (APS),coordinacionambulatorios@hospitalsantamonica.gov.co,3302507 - ext. 233,SEDE PRINCIPAL
TRUJILLO ORTIZ NATHALIA,NATHALIA TRUJILLO ORTIZ,MÉDICO,coordinacionurgencias@hospitalsantamonica.gov.co,3302507 - ext. 362,URGENCIAS
OSPINA LÓPEZ NELSON ENRIQUE,NELSON ENRIQUE OSPINA LÓPEZ,INGENIERO EN SISTEMAS Y COMPUTACIÓN,sistemas@hospitalsantamonica.gov.co,3302507 - ext. 125-127,SEDE PRINCIPAL
VALENCIA FLOREZ NICOLAS JACOBO,NICOLAS JACOBO VALENCIA FLOREZ,PSICOLOGO,coordinacionambulatorios@hospitalsantamonica.gov.co,3302507 - ext. 125-126,SEDE PRINCIPAL
TAMAYO NARANJO OLGA PIEDAD,OLGA PIEDAD TAMAYO NARANJO,TÈCNICO OPERATIVO COMPRAS E INVENTARIOS,coordinacionambulatorios@hospitalsantamonica.gov.co,3302507 - ext. 300,ADMINISTRACION
MORALES SÁNCHEZ OSCAR ALBERTO,OSCAR ALBERTO MORALES SÁNCHEZ,ENDODONCISTA,coordinacionodontologica@hospitalsantamonica.gov.co,3302507 - ext. 230,SEDE PRINCIPAL
SULAIMAN DIAZ OTHMAN MOHAMAD,OTHMAN MOHAMAD SULAIMAN DIAZ,ANESTESIÓLOGO,coordinacionconsulta@hospitalsantamonica.gov.co,3302507 - ext. 138,SEDE PRINCIPAL
CANO MUÑOZ PAMELA ANDREA,PAMELA ANDREA CANO MUÑOZ,AUDITORIA CONCURRENTE,auditoria@hospitalsantamonica.gov.co,3302507 - ext. 46,SEDE PRINCIPAL
BARRIOS MUNERA PAOLA ANDREA,PAOLA ANDREA BARRIOS MUNERA,GESTION DEL RIESGO,planeacion@hospitalsantamonica.gov.co,3302507 - ext. 125-126,SEDE PRINCIPAL
CARDENAS RESTREPO PAOLA MARIA,PAOLA MARIA CARDENAS RESTREPO,"LIDERA EL PROCESO,GESTION Y MANEJO DE RESIDUOS HOSPITALARIOS",mantenimiento@hospitalsantamonica.gov.co,3302507 - ext. 125-126,SEDE PRINCIPAL
OROZCO MARTINEZ PAOLA ANDREA,PAOLA ANDREA OROZCO MARTINEZ,ENFERMERA PROFESIONAL,coordinacionambulatorios@hospitalsantamonica.gov.co,3302507 - ext. 203,SEDE PRINCIPAL
SALCEDO RIVERA PATRICIA ELENA,PATRICIA ELENA SALCEDO RIVERA,MEDICO GENERAL,coordinacionurgencias@hospitalsantamonica.gov.co,3302507 - ext. 292,PARTOS
CHAVARRIA SALDAÑA PAULA GINETH,PAULA GINETH CHAVARRIA SALDAÑA,AUXILIAR DE ENFERMERIA (APS),coordinacionambulatorios@hospitalsantamonica.gov.co,3302507 - ext. 230,SEDE PRINCIPAL
BEDOYA LOPEZ RODRIGO ANTONIO,RODRIGO ANTONIO BEDOYA LOPEZ,MEDICO GENERAL,coordinacionambulatorios@hospitalsantamonica.gov.co,3302507 - ext. 107,CONSULTA EXTERNA
PÉREZ PÉREZ ROSELIA,ROSELIA PÉREZ PÉREZ,AUXILIAR ADMINISTRATIVO FACTURACIÒN,coordinacionurgencias@hospitalsantamonica.gov.co,3302507 - ext. 268,CAJA SERVICIO DE URGENCIAS
BERNAL RUIZ ROSMARY ELVIRA,ROSMARY ELVIRA BERNAL RUIZ,BACTERIOLOGIA,laboratorio@hospitalsantamonica.gov.co,3302507 - ext. 125-126,SEDE PRINCIPAL
SEPÚLVEDA RAMIREZ RUBIEL ANTONIO,RUBIEL ANTONIO SEPÚLVEDA RAMIREZ,AUXILIAR AREA SALUD ENFERMERÌA,coordinacionurgencias@hospitalsantamonica.gov.co,3302507 - ext. 339,CONSULTA EXTERNA
SIERRA CASTILLEJO RUT ESTER,RUT ESTER SIERRA CASTILLEJO,ENFERMERA PROFESIONAL,coordinacionambulatorios@hospitalsantamonica.gov.co,3302507 - ext. 202,SEDE PRINCIPAL
TREJOS RUBIANO RUTH CAROLINA,RUTH CAROLINA TREJOS RUBIANO,AUXILIAR ENFERMERIA,coordinacionambulatorios@hospitalsantamonica.gov.co,3302507 - ext. 125-129,SEDE PRINCIPAL
MONTOYA ESCOBAR SAMIR,SAMIR MONTOYA ESCOBAR,SUPERVICION CONTRATOS,financiera@hospitalsantamonica.gov.co,3302507 - ext. 107,SEDE PRINCIPAL
ECHEVERRY RAMIREZ SANDRA CECILIA,SANDRA CECILIA ECHEVERRY RAMIREZ,COORDINADOR DE UNIDAD SISTEMAS DE INFORMACIÓN Y GESTIÓN DOCUMENTAL,coordinacionsistemas@hospitalsantamonica.gov.co,3302507 - ext. 266,SISTEMAS Y ARCHIVO
RUIZ CARDENAS SANDRA YULIETH,SANDRA YULIETH RUIZ CARDENAS,AUXILIAR AREA SALUD ODONTOLOGIA,coordinacionodontologica@hospitalsantamonica.gov.co,3302507 - ext. 327,SALUD ORAL
RUIZ RODRIGUEZ SANDRA LORENA,SANDRA LORENA RUIZ RODRIGUEZ,PROFESIONAL UNIVERSITARIO ÁREA SALUD (INSTRUMENTADORA QUIRÚRGICA),coordinacioncirugia@hospitalsantamonica.gov.co,3302507 - ext. 413,BLOQUE QUIRURGICO
CASTRO ZULUAGA SARA,SARA CASTRO ZULUAGA,ENFERMERA PROFESIONAL,coordinacionambulatorios@hospitalsantamonica.gov.co,3302507 - ext. 125-128,SEDE PRINCIPAL
MONTOYA VASQUEZ SARA,SARA MONTOYA VASQUEZ,PROFESIONAL UNIVERSITARIO ÁREA SALUD BACTERIOLOGÍA,coordinacionambulatorios@hospitalsantamonica.gov.co,3302507 - ext. 249,LABORATORIO CLINICO
PALOMINO GUTIERREZ SEBASTIAN,SEBASTIAN PALOMINO GUTIERREZ,PSICOLOGO,coordinacionambulatorios@hospitalsantamonica.gov.co,3302507 - ext. 192,SEDE PRINCIPAL
SALAZAR RESTREPO SEBASTIAN,SEBASTIAN SALAZAR RESTREPO,ODONTOLOGO (APS),coordinacionambulatorios@hospitalsantamonica.gov.co,3302507 - ext. 125-129,SEDE PRINCIPAL
ROMERO CERON SIMON DARIO,SIMON DARIO ROMERO CERON,SERVICIOS PERSONALES COMUNITARIOS CAMAD,coordinacionambulatorios@hospitalsantamonica.gov.co,3302507 - ext. 125-126,SEDE PRINCIPAL
POSADA JIMENEZ SOFIA ALEJANDRA,SOFIA ALEJANDRA POSADA JIMENEZ,ENFERMERA PROFESIONAL,coordinacionambulatorios@hospitalsantamonica.gov.co,3302507 - ext. 398,SEDE PRINCIPAL
IBARRA GAMEZ SONIA DAYANA,SONIA DAYANA IBARRA GAMEZ,OTORRINOLARINGÓLOGA,coordinacionconsulta@hospitalsantamonica.gov.co,3302507 - ext. 125-126,SEDE PRINCIPAL
MARIN MANZANO SORLENY,SORLENY MARIN MANZANO,AUXILIAR AREA SALUD ENFERMERÌA,coordinacionambulatorios@hospitalsantamonica.gov.co,3302507 - ext. 229,PARTOS
ALVAREZ SALAZAR STEFANNY,STEFANNY ALVAREZ SALAZAR,ENFERMERA,coordinacioninternacion@hospitalsantamonica.gov.co,3302507 - ext. 374,HOSPITALIZACIÓN
JARAMILLO RESTREPO TATIANA,TATIANA JARAMILLO RESTREPO,AUXILIAR ADMINISTRATIVO GERENCIA,gerencia@hospitalsantamonica.gov.co,3302507 - ext. 210,ADMINISTRACIÓN
ARANGO CASTAÑEDA VALERIA,VALERIA ARANGO CASTAÑEDA,MEDICO PSIQUIATRA,coordinacionconsulta@hospitalsantamonica.gov.co,3302507 - ext. 125-126,SEDE PRINCIPAL
MELO VANEGAS VALERIA,VALERIA MELO VANEGAS,AUXILIAR DE ENFERMERIA,coordinacionambulatorios@hospitalsantamonica.gov.co,3302507 - ext. 203,SEDE PRINCIPAL
RODRIGUEZ GARCIA VICENTE ANTONIO,VICENTE ANTONIO RODRIGUEZ GARCIA,MANTENIMIENTO,mantenimiento@hospitalsantamonica.gov.co,3302507 - ext. 107,SEDE PRINCIPAL
ANTE BEDOYA VICTORIA EUGENIA,VICTORIA EUGENIA ANTE BEDOYA,MÉDICO,coordinacionambulatorios@hospitalsantamonica.gov.co,3302507 - ext. 351,CONSULTA EXTERNA
PEREZ TRIANA VICTORIA EUGENIA,VICTORIA EUGENIA PEREZ TRIANA,BACTERIÓLOGA,laboratorio@hospitalsantamonica.gov.co,3302507 - ext. 382,LABORATORIO CLINICO
ECHEVERRY OROZCO VIVIANA JOHANNA,VIVIANA JOHANNA ECHEVERRY OROZCO,PSICOLOGA,coordinacionambulatorios@hospitalsantamonica.gov.co,3302507 - ext. 204,SEDE PRINCIPAL
CASAS TRUJILLO WILLIAM VICENTE,WILLIAM VICENTE CASAS TRUJILLO,MEDICO GENERAL,coordinacionurgencias@hospitalsantamonica.gov.co,3302507,URGENCIAS
SALAZAR ARIAS WILLIAM,WILLIAM SALAZAR ARIAS,MEDICO GENERAL (M. TIEMPO),coordinacionambulatorios@hospitalsantamonica.gov.co,3302507 - ext. 296,AUDITORÍA
SANCHEZ BEDOYA WILMAR URIEL,WILMAR URIEL SANCHEZ BEDOYA,INGENIERO DE SISTEMAS,sistemas@hospitalsantamonica.gov.co,3302507 - ext. 125-127,SEDE PRINCIPAL
CASTRILLON PEREZ YENNY DAHIANNA,YENNY DAHIANNA CASTRILLON PEREZ,"TRABAJADOR(A) SOCIAL CAMAD""",coordinacionambulatorios@hospitalsantamonica.gov.co,3302507 - ext. 125-126,SEDE PRINCIPAL
HINCAPIE CRIOLLO YESENIA,YESENIA HINCAPIE CRIOLLO,AUXILIAR ÁREA SALUD (ENFERMERÍA),coordinacionurgencias@hospitalsantamonica.gov.co,3302507 - ext. 449,URGENCIAS
MELO PRADA YINED VIVIANA,YINED VIVIANA MELO PRADA,AUXILIAR DE ENFERMERIA,coordinacionambulatorios@hospitalsantamonica.gov.co,3302507 - ext. 125-128,SEDE PRINCIPAL
ROBLEDO RENTERIA YISLEIVI,YISLEIVI ROBLEDO RENTERIA,TRABAJADOR(A) SOCIAL CAMAD,coordinacionambulatorios@hospitalsantamonica.gov.co,3302507 - ext. 138,SEDE PRINCIPAL
FAUBEL GÓMEZ YOANDRI,YOANDRI FAUBEL GÓMEZ,CIRUJANO MAXILOFACIAL,coordinacionconsulta@hospitalsantamonica.gov.co,3302507 - ext. 230,SEDE PRINCIPAL
MOSQUERA RENTERIA YULEIDY,YULEIDY MOSQUERA RENTERIA,ENFERMERIA PROFESIONAL CAMAD,coordinacionambulatorios@hospitalsantamonica.gov.co,3302507 - ext. 107,SEDE PRINCIPAL
ARIAS GALVIS YULIANA CAROLINA,YULIANA CAROLINA ARIAS GALVIS,ENFERMERA PROFESIONAL,coordinacionambulatorios@hospitalsantamonica.gov.co,3302507 - ext. 125-126,SEDE PRINCIPAL
HOLGUIN RAMIREZ ABLADIS DEL CARMEN,ABLADIS DEL CARMEN HOLGUIN RAMIREZ,ENFERMERA,coordinacioninternacion@hospitalsantamonica.gov.co,3302507 - ext. 366,HOSPITALIZACIÓN
LOPEZ VASQUEZ ALBA LUCIA,ALBA LUCIA LOPEZ VASQUEZ,AUXILIAR AREA SALUD ENFERMERÌA,coordinacionambulatorios@hospitalsantamonica.gov.co,3302507 - ext. 214,HOSPITALIZACIÓN
RUBY MAYA ALBA RUBY,ALBA RUBY RUBY MAYA,AUXILIAR ÁREA SALUD (ENFERMERÍA),coordinacioninternacion@hospitalsantamonica.gov.co,3302507 - ext. 445,HOSPITALIZACIÓN
CÁRDENAS UCHIMA ALEJANDRA MARCELA,ALEJANDRA MARCELA CÁRDENAS UCHIMA,AUXILIAR ÁREA SALUD (ENFERMERÍA),coordinacionurgencias@hospitalsantamonica.gov.co,3302507 - ext. 441,URGENCIAS
PALACIO MARIN ALEJANDRA,ALEJANDRA PALACIO MARIN,MEDICO,coordinacionambulatorios@hospitalsantamonica.gov.co,3302507 - ext. 230,SEDE PRINCIPAL
TABARES GONZALEZ ALEJANDRA,ALEJANDRA TABARES GONZALEZ,ENFERMERA PROFESIONAL,coordinacionambulatorios@hospitalsantamonica.gov.co,3302507 - ext. 125-128,SEDE PRINCIPAL
LONDOÑO CASTAÑEDA ALEJANDRO,ALEJANDRO LONDOÑO CASTAÑEDA,MANTENIMIENTO,mantenimiento@hospitalsantamonica.gov.co,3302507 - ext. 125-129,SEDE PRINCIPAL
MONTES HENAO FABIO ALEXANDER,ALEXANDER MONTES HENAO FABIO,MANTENIMIENTO,mantenimiento@hospitalsantamonica.gov.co,3302507 - ext. 233,SEDE PRINCIPAL
VASQUES OSORIO ALEXANDER,ALEXANDER VASQUES OSORIO,PSICOLOGO,coordinacionambulatorios@hospitalsantamonica.gov.co,3302507 - ext. 125-126,SEDE PRINCIPAL
GOMEZ GARCIA ALONSO,ALONSO GOMEZ GARCIA,CARDIOLOGO PEDIATRA,coordinacionconsulta@hospitalsantamonica.gov.co,3302507 - ext. 125-126,SEDE PRINCIPAL
GALLEGO GARCIA ANA MARIA,ANA MARIA GALLEGO GARCIA,MEDICO,coordinacionambulatorios@hospitalsantamonica.gov.co,3302507 - ext. 125-126,SEDE PRINCIPAL
JARAMILLO MARTINEZ ANA ALEJANDRA,ANA ALEJANDRA JARAMILLO MARTINEZ,ENFERMERA PROFESIONAL,coordinacionambulatorios@hospitalsantamonica.gov.co,3302507 - ext. 232,SEDE PRINCIPAL
RAMIREZ MOSQUERA ANA DOLORES,ANA DOLORES RAMIREZ MOSQUERA,AUXILIAR AREA SALUD ENFERMERÌA,coordinacionambulatorios@hospitalsantamonica.gov.co,3302507 - ext. 272,URGENCIAS
DEVIA CABRERA ANDERSON DIDIER,ANDERSON DIDIER DEVIA CABRERA,MEDICO UROLOGO,coordinacionconsulta@hospitalsantamonica.gov.co,3302507 - ext. 230,SEDE PRINCIPAL
GONZÁLEZ CROSTHWAITE ANDRÈS,ANDRÈS GONZÁLEZ CROSTHWAITE,ODONTOPEDIATRA,coordinacionodontologica@hospitalsantamonica.gov.co,3302507 - ext. 190,SEDE PRINCIPAL
OCAMPO DUQUE ANDRES,ANDRES OCAMPO DUQUE,MEDICO GINECO- OBSTRETA,coordinacionconsulta@hospitalsantamonica.gov.co,3302507 - ext. 125-126,SEDE PRINCIPAL
RAMÍREZ MONTOYA ANDRÉS JULIAN,ANDRÉS JULIAN RAMÍREZ MONTOYA,RADIOLOGO,coordinacionconsulta@hospitalsantamonica.gov.co,3302507 - ext. 106,SEDE PRINCIPAL
GIRALDO MEJIA ANGELA MARIA,ANGELA MARIA GIRALDO MEJIA,PEDIATRA,coordinacionconsulta@hospitalsantamonica.gov.co,3302507 - ext. 125-126,SEDE PRINCIPAL
HERRERA GIRALDO ANGELA MARIA,ANGELA MARIA HERRERA GIRALDO,GESTION COMERCIAL (MERCADEO Y COMUNICACIONES),mercadeo@hospitalsantamonica.gov.co,3302507 - ext. 437,SEDE PRINCIPAL
RESTREPO RAMOS ANGELA PATRICIA,ANGELA PATRICIA RESTREPO RAMOS,ENFERMERA PROFESIONAL,coordinacionambulatorios@hospitalsantamonica.gov.co,3302507 - ext. 346,SEDE PRINCIPAL
VELASQUEZ AGUDELO ANGELICA,ANGELICA VELASQUEZ AGUDELO,AUXILIAR AREA SALUD ODONTOLOGIA,coordinacionodontologica@hospitalsantamonica.gov.co,3302507 - ext. 343,SALUD ORAL
ARTEAGA ATEHORTUA ASTRID CAROLINA,ASTRID CAROLINA ARTEAGA ATEHORTUA,AUXILIAR DE ENFERMERIA (APS),coordinacionambulatorios@hospitalsantamonica.gov.co,3302507 - ext. 125-126,SEDE PRINCIPAL
MAYA BEDOYA BEATRIZ ELENA,BEATRIZ ELENA MAYA BEDOYA,TECNICO AREA SALUD RADIOLOGIA E IMÁGENES DIAGNOSTICAS,coordinacionconsulta@hospitalsantamonica.gov.co,3302507 - ext. 315,RADIOLOGIA E IMÁGENES DIAGNOSTICAS
SANCHEZ BEDOYA BEATRIZ ELENA,BEATRIZ ELENA SANCHEZ BEDOYA,CERTIFICACIONES DE DISCAPACIDAD,coordinacionambulatorios@hospitalsantamonica.gov.co,3302507 - ext. 125-127,SEDE PRINCIPAL
SANCHEZ GUTIERREZ BEATRIZ ELENA,BEATRIZ ELENA SANCHEZ GUTIERREZ,PROFESIONAL UNIVERSITARIO ÁREA SALUD (TERAPIA FÍSICA),terapiafisica@hospitalsantamonica.gov.co,3302507 - ext. 386,TERAPIA FISICA
MONCADA GALVIS BLANCA VIVIANA,BLANCA VIVIANA MONCADA GALVIS,"COORDINADOR OPERATIVO DEL PROYECTO ""TRANSFORMA TU VIDA CON CAMAD""",coordinacionambulatorios@hospitalsantamonica.gov.co,3302507 - ext. 125-127,SEDE PRINCIPAL
MORENO GALLEGO CAMILO ANDRÉS,CAMILO ANDRÉS MORENO GALLEGO,MEDICO INTERNISTA,coordinacionconsulta@hospitalsantamonica.gov.co,3302507 - ext. 125-126,SEDE PRINCIPAL
DURANGO MEDINA CARLOS AUGUSTO,CARLOS AUGUSTO DURANGO MEDINA,GINECO-OBSTETRA,coordinacionconsulta@hospitalsantamonica.gov.co,3302507 - ext. 125-126,SEDE PRINCIPAL
GAMBOA MACHADO CARLOS FARID,CARLOS FARID GAMBOA MACHADO,TRABAJADOR(A) SOCIAL,coordinacionambulatorios@hospitalsantamonica.gov.co,3302507 - ext. 202,SEDE PRINCIPAL
RAMIREZ ROJAS CARLOS MARIO,CARLOS MARIO RAMIREZ ROJAS,ODONTOLOGO,coordinacionambulatorios@hospitalsantamonica.gov.co,3302507 - ext. 276,SERVICIO DE ODONTOLOGIA
ROJAS RODRIGUEZ CARLOS ARTURO,CARLOS ARTURO ROJAS RODRIGUEZ,GASTROENTERÓLOGO,coordinacionconsulta@hospitalsantamonica.gov.co,3302507 - ext. 230,SEDE PRINCIPAL
TORO RIOS CARLOS HUGO,CARLOS HUGO TORO RIOS,"PSICOLOGO CAMAD""",coordinacionambulatorios@hospitalsantamonica.gov.co,3302507 - ext. 190,SEDE PRINCIPAL
FRANCO GUTIERREZ CAROLINA,CAROLINA FRANCO GUTIERREZ,MEDICO NEUROLOGO,coordinacionconsulta@hospitalsantamonica.gov.co,3302507 - ext. 125-127,SEDE PRINCIPAL
RAMIREZ MONTES CAROLINA,CAROLINA RAMIREZ MONTES,AUXILIAR ENFERMERIA,coordinacionambulatorios@hospitalsantamonica.gov.co,3302507 - ext. 125-126,SEDE PRINCIPAL
GOMEZ MENDIETA CATALINA,CATALINA GOMEZ MENDIETA,ENFERMERA PROFESIONAL,coordinacionambulatorios@hospitalsantamonica.gov.co,3302507 - ext. 202,SEDE PRINCIPAL
YEPES GIRON CATALINA,CATALINA YEPES GIRON,ODONTOLOGA,coordinacionambulatorios@hospitalsantamonica.gov.co,3302507 - ext. 499,SEDE PRINCIPAL
TAMAYO SEPULVEDA CESAR AUGUSTO,CESAR AUGUSTO TAMAYO SEPULVEDA,REVISORIA FISCAL,revisoriafiscal@hospitalsantamonica.gov.co,3302507 - ext. 231,SEDE PRINCIPAL
ZAPATA TORRES CESAR AUGUSTO,CESAR AUGUSTO ZAPATA TORRES,REHABILITADOR ORAL,coordinacionodontologica@hospitalsantamonica.gov.co,3302507 - ext. 125-126,SEDE PRINCIPAL
SANTOFIMIO CINFUENTES CHRISTIAN,CHRISTIAN SANTOFIMIO CINFUENTES,SUBGERENTE ADMINISTRATIVO Y FINANCIERO,financiera@hospitalsantamonica.gov.co,3302507 - ext. 288,FINANCIERA
NARVAEZ LLANOS CLAUDIA MILENA,CLAUDIA MILENA NARVAEZ LLANOS,TÉCNICO ÁREA SALUD (RADIOLOGÍA E IMÁGENES DIAGNÓSTICAS),coordinacionconsulta@hospitalsantamonica.gov.co,3302507 - ext. 417,IMAGENOLOGÍA
VARGAS VASQUEZ CLAUDIA PATRICIA,CLAUDIA PATRICIA VARGAS VASQUEZ,LIDER DE SISTEMA DE GESTION DE CALIDAD,coordinacioncalidad@hospitalsantamonica.gov.co,3302507 - ext. 231,SEDE PRINCIPAL
HOYOS ESTRADA CONSTANZA,CONSTANZA HOYOS ESTRADA,AUXILIAR SERVICIOS GENERALES,coordinacionambulatorios@hospitalsantamonica.gov.co,3302507 - ext. 206,SANTA TERESITA
MARIN VEGA CRISTIAN MAURICIO,CRISTIAN MAURICIO MARIN VEGA,AUXILIAR ENFERMERIA,coordinacionambulatorios@hospitalsantamonica.gov.co,3302507 - ext. 125-128,SEDE PRINCIPAL
BORJA MARIN DANIEL,DANIEL BORJA MARIN,APOYO A LA GESTION COMERCIAL,mercadeo@hospitalsantamonica.gov.co,3302507 - ext. 188,SEDE PRINCIPAL
CASTAÑO OCAMPO DANIELA,DANIELA CASTAÑO OCAMPO,PROFESIONAL UNIVERSITARIO (TALENTO HUMANO),recursoshumanos@hospitalsantamonica.gov.co,3302507 - ext. 127,TALENTO HUMANO
GALLEGO MARIN DANIELA,DANIELA GALLEGO MARIN,PSICOLOGA (APS),coordinacionambulatorios@hospitalsantamonica.gov.co,3302507 - ext. 125-126,SEDE PRINCIPAL
JURADO MOGOLLÓN DANIELA JURADO,DANIELA JURADO JURADO MOGOLLÓN,AUXILIAR ÁREA SALUD (ENFERMERÍA),coordinacioncirugia@hospitalsantamonica.gov.co,3302507 - ext. 433,CENTRAL DE MATERIALES
PAREJA ORTIZ DANIELA,DANIELA PAREJA ORTIZ,MEDICO,coordinacionambulatorios@hospitalsantamonica.gov.co,3302507 - ext. 125-128,SEDE PRINCIPAL
OCHOA ESTUPIÑAN DANNA SOFIA,DANNA SOFIA OCHOA ESTUPIÑAN,PSICOLOGA (APS),coordinacionambulatorios@hospitalsantamonica.gov.co,3302507 - ext. 125-126,SEDE PRINCIPAL
LLOREDA MENA DANNY JHOJANA,DANNY JHOJANA LLOREDA MENA,AUXILIAR ÁREA SALUD (ENFERMERÍA),laboratorio@hospitalsantamonica.gov.co,3302507 - ext. 456,LABORATORIO CLINICO
TELLO SALAZAR DAVID ALEJANDRO,DAVID ALEJANDRO TELLO SALAZAR,MEDICO INTERNISTA,coordinacionconsulta@hospitalsantamonica.gov.co,3302507 - ext. 138,SEDE PRINCIPAL
ZAPATA GIRALDO DAYANA ANDREA,DAYANA ANDREA ZAPATA GIRALDO,ENFERMERA PROFESIONAL,coordinacionambulatorios@hospitalsantamonica.gov.co,3302507 - ext. 7,SEDE PRINCIPAL
PÉREZ MONTOYA DERLYN CATERIN,DERLYN CATERIN PÉREZ MONTOYA,AUXILIAR ÁREA SALUD (ENFERMERÍA),coordinacioninternacion@hospitalsantamonica.gov.co,3302507 - ext. 437,HOSPITALIZACIÓN
AGUDELO SEPULVEDA DIANA PATRICIA,DIANA PATRICIA AGUDELO SEPULVEDA,NUTRICIONISTA,coordinacionconsulta@hospitalsantamonica.gov.co,3302507 - ext. 107,SEDE PRINCIPAL
ARIZA DUQUE DIANA CAROLINA,DIANA CAROLINA ARIZA DUQUE,MÉDICO,coordinacionurgencias@hospitalsantamonica.gov.co,3302507 - ext. 358,URGENCIAS
GONZALEZ CHALARCA DIANA,DIANA GONZALEZ CHALARCA,PSICOLOGA,coordinacionambulatorios@hospitalsantamonica.gov.co,3302507 - ext. 232,SEDE PRINCIPAL
MONCAYO MALES DIANA MARCELA,DIANA MARCELA MONCAYO MALES,ENFERMERA PROFESIONAL,coordinacionambulatorios@hospitalsantamonica.gov.co,3302507 - ext. 125-128,SEDE PRINCIPAL
MORALES CASTRO DIANA MILENA,DIANA MILENA MORALES CASTRO,AUXILIAR ÁREA SALUD (ENFERMERÍA),coordinacioncirugia@hospitalsantamonica.gov.co,3302507 - ext. 425,BLOQUE QUIRURGICO
MEDINA MORALES DIEGO ALEJANDRO,DIEGO ALEJANDRO MEDINA MORALES,MEDICICO INTERNISTA,coordinacionconsulta@hospitalsantamonica.gov.co,3302507 - ext. 230,SEDE PRINCIPAL
OSORIO VALENCIA DIEGO ANTONIO,DIEGO ANTONIO OSORIO VALENCIA,OPERARIO MANTENIMIENTO,coordinacionambulatorios@hospitalsantamonica.gov.co,3302507 - ext. 257,MANTENIMIENTO
MANCILLA TRIANA EDGAR MANUEL,EDGAR MANUEL MANCILLA TRIANA,JEFE DE OFICINA CONTROL INTERNO DISCIPLINARIO,coordinacionambulatorios@hospitalsantamonica.gov.co,3302507 - ext. 218,CONTROL INTERNO
HERRERA DIAZ ELEN SHIKANA,ELEN SHIKANA HERRERA DIAZ,AUXILIAR DE ENFERMERIA,coordinacionambulatorios@hospitalsantamonica.gov.co,3302507 - ext. 125-127,SEDE PRINCIPAL
CASTAÑEDA GIL ELIANA MILENA,ELIANA MILENA CASTAÑEDA GIL,AUXILIAR DE ENFERMERIA,coordinacionambulatorios@hospitalsantamonica.gov.co,3302507 - ext. 125-126,SEDE PRINCIPAL
PEREZ PEREZ EUCARIO,EUCARIO PEREZ PEREZ,SOPORTE SISTEMAS,sistemas@hospitalsantamonica.gov.co,3302507 - ext. 375,SISTEMAS
LLOREDA MENA FARILIS,FARILIS LLOREDA MENA,AUXILIAR ÁREA SALUD (ENFERMERÍA),coordinacionurgencias@hospitalsantamonica.gov.co,3302507 - ext. 460,URGENCIAS
OSORIO VALENCIA FRANCISCO JAVIER,FRANCISCO JAVIER OSORIO VALENCIA,MEDICO FAMILIAR,coordinacionconsulta@hospitalsantamonica.gov.co,3302507 - ext. 138,SEDE PRINCIPAL
MEJÍA CADAVID FRANCY EUNICE,FRANCY EUNICE MEJÍA CADAVID,PROFESIONAL UNIVERSITARIO (FACTURACION),oficialdecumplimiento@hospitalsantamonica.gov.co,3302507 - ext. 237,CAJA PRINCIPAL / TESORERIA
TABORDA SERNA FREDDY ALEXANDER,FREDDY ALEXANDER TABORDA SERNA,MEDICO FAMILIAR,coordinacionconsulta@hospitalsantamonica.gov.co,3302507 - ext. 287,SEDE PRINCIPAL
ARELLANO SANCHEZ GERARDO ARTURO,GERARDO ARTURO ARELLANO SANCHEZ,DERMATOLOGO,coordinacionconsulta@hospitalsantamonica.gov.co,3302507 - ext. 234,SEDE PRINCIPAL
FLOREZ MARIN GERARDO ANTONIO,GERARDO ANTONIO FLOREZ MARIN,SUPERVISION DE EJECUCION DE CONTRATOS DE MANTENIMIENTO,mantenimiento@hospitalsantamonica.gov.co,3302507 - ext. 125-127,SEDE PRINCIPAL
RESTREPO RESTREPO GINA MARCELA,GINA MARCELA RESTREPO RESTREPO,AUXILIAR DE ENFERMERIA (APS),coordinacionambulatorios@hospitalsantamonica.gov.co,3302507 - ext. 107,SEDE PRINCIPAL
GONZALEZ MORENO GLORIA MARIA,GLORIA MARIA GONZALEZ MORENO,MEDICO GENERAL,coordinacionambulatorios@hospitalsantamonica.gov.co,3302507 - ext. 202,EPIDEMIOLOGIA
MARMOLEJO TASCON GLORIA CENAIDA,GLORIA CENAIDA MARMOLEJO TASCON,ODONTOLOGO,coordinacionodontologica@hospitalsantamonica.gov.co,3302507 - ext. 233,SERVICIO DE ODONTOLOGÍA
PEREZ ARANGO GLORIA CONSUELO,GLORIA CONSUELO PEREZ ARANGO,ENFERMERA,coordinacionambulatorios@hospitalsantamonica.gov.co,3302507 - ext. 264,URGENCIAS
ECHEVERRY ROCHE GUSTAVO DE JESUS,GUSTAVO DE JESUS ECHEVERRY ROCHE,MEDICO GENERAL,autorizaciones@hospitalsantamonica.gov.co,3302507 - ext. 124,HOSPITALIZACIÓN
GIRALDO HERNAN ENRIQUE,HERNAN ENRIQUE GIRALDO,PEDIATRA,coordinacionconsulta@hospitalsantamonica.gov.co,3302507 - ext. 138,SEDE PRINCIPAL
SUAREZ RIASCOS HICELA,HICELA SUAREZ RIASCOS,ENFERMERA PROFESIONAL,coordinacionambulatorios@hospitalsantamonica.gov.co,3302507 - ext. 191,SEDE PRINCIPAL
VILLA VELASQUEZ HOOVERMAN,HOOVERMAN VILLA VELASQUEZ,IMÁGENES DIAGNOSTICAS,coordinacionconsulta@hospitalsantamonica.gov.co,3302507 - ext. 141,SEDE PRINCIPAL
QUINTERO ZULUAGA HUGO MAURICIO,HUGO MAURICIO QUINTERO ZULUAGA,MEDICO AUDITOR,calidad@hospitalsantamonica.gov.co,3302507 - ext. 313,SEDE PRINCIPAL
GOMEZ MONTOYA HUMBERTO,HUMBERTO GOMEZ MONTOYA,MEDICO,coordinacionambulatorios@hospitalsantamonica.gov.co,3302507 - ext. 232,SEDE PRINCIPAL
FONSECA GAMEZ INTI,INTI FONSECA GAMEZ,MEDICO INTERNISTA,coordinacionconsulta@hospitalsantamonica.gov.co,3302507 - ext. 138,SEDE PRINCIPAL
VANEGAS CARDONA JAIME ALBERTO,JAIME ALBERTO VANEGAS CARDONA,MEDICO GENERAL,coordinacionconsulta@hospitalsantamonica.gov.co,3302507 - ext. 230,MEDICO GENERAL
SALAZAR ROJAS JAMES ADALBERTH,JAMES ADALBERTH SALAZAR ROJAS,MEDICO LABORAL,coordinacionconsulta@hospitalsantamonica.gov.co,3302507 - ext. 230,SEDE PRINCIPAL
COLLAZOS ORTIZ JAMILETH,JAMILETH COLLAZOS ORTIZ,PSICOLOGA,coordinacionambulatorios@hospitalsantamonica.gov.co,3302507 - ext. 230,SEDE PRINCIPAL
SALDARRIAGA GAVIRIA JEIMI DAIFENY,JEIMI DAIFENY SALDARRIAGA GAVIRIA,AUXILIAR AREA SALUD ENFERMERÌA,autorizaciones@hospitalsantamonica.gov.co,3302507 - ext. 335,CENTRAL DE MATERIALES
FUENTES RODAS JENNY LORENA,JENNY LORENA FUENTES RODAS,CARTERA,cartera@hospitalsantamonica.gov.co,3302507 - ext. 125-127,SEDE PRINCIPAL
JIMENEZ DUQUE JEYSON JULIAN,JEYSON JULIAN JIMENEZ DUQUE,ORTODONCISTA,coordinacionodontologica@hospitalsantamonica.gov.co,3302507 - ext. 125-126,SEDE PRINCIPAL
MARTINEZ MARTINEZ JHON EDWIN,JHON EDWIN MARTINEZ MARTINEZ,ENFERMERO PROFESIONAL,coordinacionambulatorios@hospitalsantamonica.gov.co,3302507 - ext. 232,SEDE PRINCIPAL
TABARES GARCIA JHON FAVER,JHON FAVER TABARES GARCIA,SISTEMAS,sistemas@hospitalsantamonica.gov.co,3302507 - ext. 287,SEDE PRINCIPAL
TOVAR ARANGO JHON JAIME,JHON JAIME TOVAR ARANGO,CIRUJANO GENERAL,coordinacionconsulta@hospitalsantamonica.gov.co,3302507 - ext. 125-126,SEDE PRINCIPAL
URIBE GORDILLO JHON EDIER,JHON EDIER URIBE GORDILLO,CARTERA,cartera@hospitalsantamonica.gov.co,3302507 - ext. 294,SEDE PRINCIPAL
GIRALDO GOMEZ JHONNY ESTEBAN,JHONNY ESTEBAN GIRALDO GOMEZ,ENFERMERA PROFESIONAL (APS),coordinacionambulatorios@hospitalsantamonica.gov.co,3302507 - ext. 125-129,SEDE PRINCIPAL
AMAYA PRINCE JHOVANA MARCELA,JHOVANA MARCELA AMAYA PRINCE,AUXILIAR DE ENFERMERIA CAMAD,coordinacionambulatorios@hospitalsantamonica.gov.co,3302507 - ext. 231,SEDE PRINCIPAL
OSPINA CASTAÑO JOHN JAIRO,JOHN JAIRO OSPINA CASTAÑO,PEDIATRA,coordinacionconsulta@hospitalsantamonica.gov.co,3302507 - ext. 125-126,SEDE PRINCIPAL
GUTIÉREZ SERNA JOHON HEYVER,JOHON HEYVER GUTIÉREZ SERNA,PROFESIONAL UNIVERSITARIO ÁREA SALUD (PSICOLOGÍA),coordinacionurgencias@hospitalsantamonica.gov.co,3302507 - ext. 394,URGENCIAS
ARISMENDI RAMIREZ JONATHAN,JONATHAN ARISMENDI RAMIREZ,INGENIERIA EN SISTEMAS,sistemas@hospitalsantamonica.gov.co,3302507 - ext. 125-127,SEDE PRINCIPAL
CARDONA ESTRADA JORGE IVAN,JORGE IVAN CARDONA ESTRADA,CIRUJANO MAXILOFACIAL,coordinacionodontologica@hospitalsantamonica.gov.co,3302507 - ext. 195,SEDE PRINCIPAL
FERNANDEZ PARRA JORGE IVAN,JORGE IVAN FERNANDEZ PARRA,ASESOR (CONTROL INTERNO),controlinterno@hospitalsantamonica.gov.co,3302507 - ext. 190,CONTROL INTERNO
GRAJALES MONTOYA JORGE ANDRÉS,JORGE ANDRÉS GRAJALES MONTOYA,AUXILIAR ÁREA SALUD (ENFERMERÍA),coorinacionambulatorio@hospitalsantamonica.gov.co,3302507 - ext. 464,CONSULTA EXTERNA
IBATA MOLINA JORGE MARIO,JORGE MARIO IBATA MOLINA,GINECÓ-OBSTETRA,coordinacionconsulta@hospitalsantamonica.gov.co,3302507 - ext. 190,SEDE PRINCIPAL
SERNA GONZÁLEZ JORGE ENRIQUE,JORGE ENRIQUE SERNA GONZÁLEZ,ANESTESIÓLOGO,coordinacionconsulta@hospitalsantamonica.gov.co,3302507 - ext. 125-126,SEDE PRINCIPAL
TABARES GARCÍA JORGE ANDRÉS,JORGE ANDRÉS TABARES GARCÍA,ASESORIA A LA ESE EN LOS PROCESOS ESTRATEGICOS,sistemas@hospitalsantamonica.gov.co,3302507 - ext. 191,SEDE PRINCIPAL
AGUDELO SALAZAR JOSE ABEL,JOSE ABEL AGUDELO SALAZAR,MENSAJERIA,coordinacionsistemas@hospitalsantamonica.gov.co,3302507 - ext. 230,SEDE PRINCIPAL
CARDONA DEAZA JOSE LUIS,JOSE LUIS CARDONA DEAZA,MEDICO PATOLOGO,coordinacionconsulta@hospitalsantamonica.gov.co,3302507 - ext. 230,SEDE PRINCIPAL
GAVIRIA OSORIO JOSE ALVARO,JOSE ALVARO GAVIRIA OSORIO,MEDICO GENERAL,coordinacionambulatorios@hospitalsantamonica.gov.co,3302507 - ext. 194,CONSULTA EXTERNA
MOYA ACUÑA JOSE ALEXANDER,JOSE ALEXANDER MOYA ACUÑA,GINECO-OBSTETRA,coordinacionconsulta@hospitalsantamonica.gov.co,3302507 - ext. 230,SEDE PRINCIPAL
ARISTIZABAL BEDOYA JUAN CAMILO,JUAN CAMILO ARISTIZABAL BEDOYA,INGENIERO DE SISTEMAS,sistemas@hospitalsantamonica.gov.co,3302507 - ext. 375,SEDE PRINCIPAL
BERNAL ARAGON JUAN GUILLERMO,JUAN GUILLERMO BERNAL ARAGON,MEDICO GENERAL,autorizaciones@hospitalsantamonica.gov.co,3302507 - ext. 126,CIRUGIA
CORREA ARBELAEZ JUAN CARLOS,JUAN CARLOS CORREA ARBELAEZ,SUBGERENTE ADMINISTRATIVO ASISTENCIAL,coordinacionambulatorios@hospitalsantamonica.gov.co,3302507,HOSPITALIZACIÓN
GALLEGO HOYOS JUAN CAMILO,JUAN CAMILO GALLEGO HOYOS,CIRUGIA MAXILOFACIAL,coordinacionodontologica@hospitalsantamonica.gov.co,3302507 - ext. 125-126,SEDE PRINCIPAL
GAVIRIA MAYA JUAN ESTEBAN,JUAN ESTEBAN GAVIRIA MAYA,MEDICO GINECOBSTETRA,coordinacionconsulta@hospitalsantamonica.gov.co,3302507 - ext. 125-126,SEDE PRINCIPAL
MARIN GOMEZ JUAN CARLOS,JUAN CARLOS MARIN GOMEZ,GERENTE,gerencia@hospitalsantamonica.gov.co,3302507 - ext. 221,ADMINISTRACIÓN
MEJIA DUQUE JUAN CARLOS,JUAN CARLOS MEJIA DUQUE,MÉDICO,coordinacionambulatorios@hospitalsantamonica.gov.co,3302507 - ext. 347,CONSULTA EXTERNA
OSPINA CALLE JUAN CRISTÓBAL,JUAN CRISTÓBAL OSPINA CALLE,CIRUJANO GENERAL,coordinacionconsulta@hospitalsantamonica.gov.co,3302507 - ext. 125-126,SEDE PRINCIPAL
PULGARIN QUINTERO JUAN ESTEBAN,JUAN ESTEBAN PULGARIN QUINTERO,MEDICO (APS),coordinacionambulatorios@hospitalsantamonica.gov.co,3302507 - ext. 502,SEDE PRINCIPAL
ARIAS GARCIA JULIANA,JULIANA ARIAS GARCIA,JEFE DE OFICINA JURIDICA,juridica@hospitalsantamonica.gov.co,3302507 - ext. 108,JURIDICA
CARDENAS VELASQUEZ JULIANA MARIA,JULIANA MARIA CARDENAS VELASQUEZ,DIGITACION PROYECTO CAMAD,coordinacionambulatorios@hospitalsantamonica.gov.co,3302507 - ext. 125-126,SEDE PRINCIPAL
OSORIO HOYOS JULIANA,JULIANA OSORIO HOYOS,ODONTOLOGA,coordinacionodontologica@hospitalsantamonica.gov.co,3302507 - ext. 261,SERVICIO DE ODONTOLOGIA
GRANADOS NARVAEZ KAREN,KAREN GRANADOS NARVAEZ,TECNICO LABORAL EN AUXILIAR DE ENFERMERIA,coordinacionambulatorios@hospitalsantamonica.gov.co,3302507 - ext. 204,SEDE PRINCIPAL
VIQUE LAVERDE KAROL YIZETH,KAROL YIZETH VIQUE LAVERDE,TRABAJADORA SOCIAL,siau@hospitalsantamonica.gov.co,3302507 - ext. 304,SIAU
LONDOÑO GONZALEZ KATHERINE,KATHERINE LONDOÑO GONZALEZ,TEC. ADMINISTRATIVA,sistemasdeinformacion@hospitalsantamonica.gov.co,3302507 - ext. 198,SEDE PRINCIPAL
VALENCIA LOAIZA KATHERINE,KATHERINE VALENCIA LOAIZA,ENFERMERA,coordinacionurgencias@hospitalsantamonica.gov.co,3302507 - ext. 378,URGENCIAS
CORTES VELEZ KELLY FAISURI,KELLY FAISURI CORTES VELEZ,AUXILIAR AREA SALUD ENFERMERÌA,coordinacionurgencias@hospitalsantamonica.gov.co,3302507 - ext. 308,URGENCIAS
VASQUEZ RODRIGUEZ KELLY DAHIANNA,KELLY DAHIANNA VASQUEZ RODRIGUEZ,PSICOLOGA (APS),coordinacionambulatorios@hospitalsantamonica.gov.co,3302507 - ext. 450,SEDE PRINCIPAL
GONZALEZ LOPEZ LADY ESTELLA,LADY ESTELLA GONZALEZ LOPEZ,AUXILIAR ADMINISTRATIVO FACTURACIÒN,coordinacionambulatorios@hospitalsantamonica.gov.co,3302507 - ext. 198,CAJA CONSULTA EXTERNA
CARVAJAL MARTÍNEZ LAURA JISSETH,LAURA JISSETH CARVAJAL MARTÍNEZ,AUXILIAR AREA SALUD (ODONTOLOGÍA),coordinacionodontologica@hospitalsantamonica.gov.co,3302507 - ext. 421,ODONTOLOGIA
GAVIRIA OCAMPO LAURA,LAURA GAVIRIA OCAMPO,ENFERMERA PROFESIONAL,coordinacionambulatorios@hospitalsantamonica.gov.co,3302507 - ext. 125-126,SEDE PRINCIPAL
MARQUEZ OSORIO LAURA MILENA,LAURA MILENA MARQUEZ OSORIO,PSICOLOGA,coordinacionambulatorios@hospitalsantamonica.gov.co,3302507 - ext. 125-127,SEDE PRINCIPAL
VELASQUEZ VELEZ LAURA,LAURA VELASQUEZ VELEZ,AUXILIAR DE ENFERMERIA,coordinacionambulatorios@hospitalsantamonica.gov.co,3302507 - ext. 203,SEDE PRINCIPAL
BUITRAGO SANCHEZ LEANDRA,LEANDRA BUITRAGO SANCHEZ,ENFERMERA PROFESIONAL (APS),coordinacionambulatorios@hospitalsantamonica.gov.co,3302507 - ext. 125-129,SEDE PRINCIPAL
GIRALDO BAYER LEIDI ZORANY,LEIDI ZORANY GIRALDO BAYER,AUXILIAR DE ENFERMERIA CAMAD,coordinacionambulatorios@hospitalsantamonica.gov.co,3302507 - ext. 287,SEDE PRINCIPAL
MOSQUERA JORDAN LEIDY CAROLINA,LEIDY CAROLINA MOSQUERA JORDAN,AUXILIAR ENFERMERIA,coordinacionambulatorios@hospitalsantamonica.gov.co,3302507 - ext. 232,SEDE PRINCIPAL
ESPINOSA HERNÁNDEZ LEYDY YOHANA,LEYDY YOHANA ESPINOSA HERNÁNDEZ,AUXILIAR AREA SALUD ENFERMERÌA,autorizaciones@hospitalsantamonica.gov.co,3302507 - ext. 311,CONSULTA EXTERNA
VALENCIA ARIAS LILIANA LORENA,LILIANA LORENA VALENCIA ARIAS,ODONTOLOGA,coordinacionodontologica@hospitalsantamonica.gov.co,3302507 - ext. 405,ODONTOLOGIA
ARICAPA ARIAS LINA MARCELA,LINA MARCELA ARICAPA ARIAS,AUXILIAR DE ENFERMERIA,coordinacionambulatorios@hospitalsantamonica.gov.co,3302507 - ext. 231,SEDE PRINCIPAL
HENAO GRISALES LINA MARCELA,LINA MARCELA HENAO GRISALES,AUXILIAR ENFERMERIA,coordinacionambulatorios@hospitalsantamonica.gov.co,3302507 - ext. 188,SEDE PRINCIPAL
MARIN ZAMORA LINA MARCELA,LINA MARCELA MARIN ZAMORA,ENFERMERA,coordinacioncirugia@hospitalsantamonica.gov.co,3302507 - ext. 370,BLOQUE QUIRURGICO
MONCADA VEGA LINA MARIELA,LINA MARIELA MONCADA VEGA,SERVICIOS PERSONALES COMUNITARIOS CAMAD,coordinacionambulatorios@hospitalsantamonica.gov.co,3302507 - ext. 230,SEDE PRINCIPAL
RENDÒN TORRES LINA BEATRÌZ,LINA BEATRÌZ RENDÒN TORRES,ODONTOLOGO,coordinacionambulatorios@hospitalsantamonica.gov.co,3302507 - ext. 280,SERVICIO DE ODONTOLOGIA
RIOS CASTRO LINA CAROLINA,LINA CAROLINA RIOS CASTRO,PSICOLOGA,coordinacionambulatorios@hospitalsantamonica.gov.co,3302507 - ext. 192,SEDE PRINCIPAL
GIRALDO PEREZ LIZ KAREN,LIZ KAREN GIRALDO PEREZ,AUXILIAR ENFERMERIA,coordinacionambulatorios@hospitalsantamonica.gov.co,3302507 - ext. 230,SEDE PRINCIPAL
BETANCOURT LARGO LIZETH VIVIANA,LIZETH VIVIANA BETANCOURT LARGO,APOYO ADMNISIRATIVO (APS),coordinacionambulatorios@hospitalsantamonica.gov.co,3302507 - ext. 107,SEDE PRINCIPAL
CASTRO LORENA,LORENA CASTRO,COORDINACION DE MANTENIMIENTO HOSPITALARIO,mantenimiento@hospitalsantamonica.gov.co,3302507 - ext. 242,SEDE PRINCIPAL
CORTES FRANCO LUCY,LUCY CORTES FRANCO,SUPERVISION DE CONTRATOS,interventorias@hospitalsantamonica.gov.co,3302507 - ext. 125-126,SEDE PRINCIPAL
BELTRAN ORDOÑEZ LUDY CAROLINA,LUDY CAROLINA BELTRAN ORDOÑEZ,MÉDICA OTORRINOLARINGÓLOGA,coordinacionconsulta@hospitalsantamonica.gov.co,3302507 - ext. 287,SEDE PRINCIPAL
ARENAS ROJAS LUIS CARLOS,LUIS CARLOS ARENAS ROJAS,MEDICO GENERAL,autorizaciones@hospitalsantamonica.gov.co,3302507-ext 291,HOSPITALIZACIÓN
CHICA ORREGO LUIS EDUARDO,LUIS EDUARDO CHICA ORREGO,"PSICOLOGO CAMAD""",coordinacionambulatorios@hospitalsantamonica.gov.co,3302507 - ext. 230,SEDE PRINCIPAL
JIMENEZ SANZ LUIS MIGUEL,LUIS MIGUEL JIMENEZ SANZ,GINECO-OBSTETRA,coordinacionconsulta@hospitalsantamonica.gov.co,3302507 - ext. 230,SEDE PRINCIPAL
CARMONA CÁRDENAS LUISA MARÍA,LUISA MARÍA CARMONA CÁRDENAS,AUXILIAR ÁREA SALUD (ENFERMERÍA),,3302507 - ext. 429,HOSPITALIZACIÓN
RAMÍREZ JÁCOME LUISA FERNANDA,LUISA FERNANDA RAMÍREZ JÁCOME,ENFERMERA LÍDER SEGURIDAD DEL PACIENTE,auditoria@hospitalsantamonica.gov.co,3302507 - ext. 46,SEDE PRINCIPAL
RENGIFO BERMUDEZ LURDIS FANERY,LURDIS FANERY RENGIFO BERMUDEZ,ENFERMERA PROFESIONAL (APS),coordinacionambulatorios@hospitalsantamonica.gov.co,3302507 - ext. 230,SEDE PRINCIPAL
ARCILA ALVAREZ LUZ STELLA,LUZ STELLA ARCILA ALVAREZ,AUXILIAR AREA SALUD ENFERMERÍA,sistemas@hospitalsantamonica.gov.co,3302507 - ext 107,CENTRAL DE MATERIALES
CARDENAS ALVAREZ LUZ PIEDAD,LUZ PIEDAD CARDENAS ALVAREZ,PROFESIONAL UNIVERSITARIO (TRABAJADORA SOCIAL),coordinacionurgencias@hospitalsantamonica.gov.co,3302507 - ext. 398,URGENCIAS
CARDENAS ALVAREZ LUZ PIEDAD,LUZ PIEDAD CARDENAS ALVAREZ,CERTIFICACIONES DE DISCAPACIDAD,coordinacionambulatorios@hospitalsantamonica.gov.co,3302507 - ext. 125-127,SEDE PRINCIPAL
CASTAÑO MARIN LUZ AIDÉE,LUZ AIDÉE CASTAÑO MARIN,FISIOTERAPEUTA,coordinacionconsulta@hospitalsantamonica.gov.co,3302507 - ext. 125-126,SEDE PRINCIPAL
GUZMAN PEREZ LUZ ADRIANA,LUZ ADRIANA GUZMAN PEREZ,PSICOLOGA,coordinacionambulatorios@hospitalsantamonica.gov.co,3302507 - ext. 188,SEDE PRINCIPAL
HERNANDEZ PEREZ LUZ ELENA,LUZ ELENA HERNANDEZ PEREZ,AUXILIAR ENFERMERIA,coordinacionambulatorios@hospitalsantamonica.gov.co,3302507 - ext. 125-128,SEDE PRINCIPAL
MILLÁN GAVIRIA LUZ ELENA,LUZ ELENA MILLÁN GAVIRIA,MEDICO GENERAL,coordinacionambulatorios@hospitalsantamonica.gov.co,3302507 - ext. 245,PARTOS
ORDOÑEZ LOPEZ LUZ ADRIANA,LUZ ADRIANA ORDOÑEZ LOPEZ,ENFERMERA,coordinacionambulatorios@hospitalsantamonica.gov.co,3302507 - ext. 253,CONSULTA EXTERNA
PALACIO GARCIA LUZ ADRIANA,LUZ ADRIANA PALACIO GARCIA,CONTADORA,contabilidad@hospitalsantamonica.gov.co,3302507 - ext. 230,SEDE PRINCIPAL
RENDON GRANADA LUZ PIEDAD,LUZ PIEDAD RENDON GRANADA,AUXILIAR AREA SALUD ODONTOLOGIA,coordinacionodontologica@hospitalsantamonica.gov.co,3302507 - ext. 323,SALUD ORAL
SALAZAR LONDOÑO LUZ ESTRELLA,LUZ ESTRELLA SALAZAR LONDOÑO,AUXILIAR AREA SALUD ENFERMERÌA,autorizaciones@hospitalsantamonica.gov.co,3302507 - ext. 331,CONSULTA EXTERNA
CANO SALAZAR LYDA MARIA,LYDA MARIA CANO SALAZAR,GINECÓ-OBSTETRA,coordinacionconsulta@hospitalsantamonica.gov.co,3302507 - ext. 138,SEDE PRINCIPAL
OCAMPO TREJOS MANUELA,MANUELA OCAMPO TREJOS,MEDICINA GENERAL CAMAD,coordinacionambulatorios@hospitalsantamonica.gov.co,3302507 - ext. 108,MEDICINA GENERAL CAMAD
GONZALEZ HERNANDEZ MARCELA,MARCELA GONZALEZ HERNANDEZ,EJECUCION DEL PROCESO PRESUPUESTAL,financiera@hospitalsantamonica.gov.co,3302507 - ext. 125-126,SEDE PRINCIPAL
CASTELLANOS DE MOYA MARCELO,MARCELO CASTELLANOS DE MOYA,MÉDICO,coordinacionurgencias@hospitalsantamonica.gov.co,3302507 - ext. 355,URGENCIAS
ECHEVERRY RESTREPO MARGARITA,MARGARITA ECHEVERRY RESTREPO,(REDES SOCIALES Y MEDIOS DE COMUNICACIÓN),comunicaciones@hospitalsantamonica.gov.co,3302507 - ext. 188,SEDE PRINCIPAL
AGUDELO GUTIERREZ MARIA ALEYDA,MARIA ALEYDA AGUDELO GUTIERREZ,AUXILIAR ADMINISTRATIVO HISTORIAS CLÍNICAS,sistemas@hospitalsantamonica.gov.co,3302507-ext 107,ESTADISTICA/ HISTORIAS CLINICAS
CALLE ARENAS MARÍA CAROLINA,MARÍA CAROLINA CALLE ARENAS,AUXILIAR ÁREA SALUD (ENFERMERÍA),,3302507 - ext. 452,HOSPITALIZACIÓN
CARDONA OSORIO MARIA ARMIDA,MARIA ARMIDA CARDONA OSORIO,ENFERMERA,autorizaciones@hospitalsantamonica.gov.co,3302507 - ext. 124,HOSPITALIZACIÓN
GOMEZ PEREZ MARIA ALEJANDRA,MARIA ALEJANDRA GOMEZ PEREZ,PROFESIONAL UNIVERSITARIO ÁREA SALUD (TERAPEUTA RESPIRATORIO),,3302507 - ext. 402,HOSPITALIZACIÓN
GONZALEZ RAMIREZ MARIA CAMILA,MARIA CAMILA GONZALEZ RAMIREZ,ENFERMERA CADRI,coordinacionambulatorios@hospitalsantamonica.gov.co,3302507 - ext. 204,SEDE PRINCIPAL
GUTIERREZ GUTIERREZ MARIA CAMILA,MARIA CAMILA GUTIERREZ GUTIERREZ,GESTION DE CALIDAD Y AUDITORIA,calidad@hospitalsantamonica.gov.co,3302507 - ext. 46,SEDE PRINCIPAL
HIGIDO PINTA MARIA FERNANDA,MARIA FERNANDA HIGIDO PINTA,AUXILIAR ENFERMERIA,coordinacionambulatorios@hospitalsantamonica.gov.co,3302507 - ext. 125-128,SEDE PRINCIPAL
MARIN GRAJALES MARIA EUGENIA,MARIA EUGENIA MARIN GRAJALES,PROFESIONAL UNIVERSITARIO (TESORERIA),tesoreria@hospitalsantamonica.gov.co,3302507 - ext. 225,FINANCIERA
MEZA FERLONI MARÍA ASCENCIÓN,MARÍA ASCENCIÓN MEZA FERLONI,ANESTESIÓLOGA,coordinacionconsulta@hospitalsantamonica.gov.co,3302507 - ext. 125-126,SEDE PRINCIPAL
MUÑOZ OSORIO MARIA ALEJANDRA,MARIA ALEJANDRA MUÑOZ OSORIO,ODONTOLOGA,coordinacionambulatorios@hospitalsantamonica.gov.co,3302507 - ext. 188,SEDE PRINCIPAL
RESTREPO OSORIO MARIA CAMILA,MARIA CAMILA RESTREPO OSORIO,PSICOLOGA,coordinacionambulatorios@hospitalsantamonica.gov.co,3302507 - ext. 561,SEDE PRINCIPAL
RIVERA GONZALEZ MARIA DEL PILAR,MARIA DEL PILAR RIVERA GONZALEZ,AUXILIAR AREA SALUD ENFERMERÌA,coordinacionambulatorios@hospitalsantamonica.gov.co,3302507 - ext. 284,CENTRAL DE MATERIALES
TREJOS HOYOS MARIANA ANDREA,MARIANA ANDREA TREJOS HOYOS,ENFERMERA PROFESIONAL,coordinacionambulatorios@hospitalsantamonica.gov.co,3302507 - ext. 107,SEDE PRINCIPAL
VELEZ BETANCUR MARIANA,MARIANA VELEZ BETANCUR,PSICOLOGA,coordinacionambulatorios@hospitalsantamonica.gov.co,3302507 - ext. 125-128,SEDE PRINCIPAL
BENJUMEA VANEGAS MARTHA CECILIA,MARTHA CECILIA BENJUMEA VANEGAS,ENFERMERA,autorizaciones@hospitalsantamonica.gov.co,3302507 - ext. 126,CIRUGIA
ESTRADA OSPINA MARTHA LUCY,MARTHA LUCY ESTRADA OSPINA,MEDICO GENERAL,coordinacionambulatorios@hospitalsantamonica.gov.co,3302507,CONSULTA EXTERNA / LA RITA
GIRALDO GIRALDO MARTHA CECILIA,MARTHA CECILIA GIRALDO GIRALDO,ENFERMERA PROFESIONAL,coordinacionambulatorios@hospitalsantamonica.gov.co,3302507 - ext. 203,SEDE PRINCIPAL
HENAO FRANCO MARTHA LEDY,MARTHA LEDY HENAO FRANCO,PROFESIONAL UNIVERSITARIO ÁREA SALUD (INSTRUMENTADORA QUIRÚRGICA),coordinacioncirugia@hospitalsantamonica.gov.co,3302507 - ext. 409,BLOQUE QUIRURGICO
MESA RODRÍGUEZ MARTHA INÉS,MARTHA INÉS MESA RODRÍGUEZ,AUXILIAR AREA SALUD ENFERMERÌA,coordinacionambulatorios@hospitalsantamonica.gov.co,3302507 - ext. 241,HOSPITALIZACIÓN
OSORIO RODRÍGUEZ MARTHA LUCÍA,MARTHA LUCÍA OSORIO RODRÍGUEZ,AUXILIAR AREA SALUD ENFERMERÌA,autorizaciones@hospitalsantamonica.gov.co,3302507 - ext. 319,INTERNACIÓN
YEPES BALLESTEROS MARTHA ERESBEY,MARTHA ERESBEY YEPES BALLESTEROS,ENFERMERA,autorizaciones@hospitalsantamonica.gov.co,3302507 - ext. 291,ENFERMERIA
FUENTES DE LA PAZ MAURICIO ALBERTO,MAURICIO ALBERTO FUENTES DE LA PAZ,MEDICO FAMILIAR,coordinacionconsulta@hospitalsantamonica.gov.co,3302507 - ext. 125-126,SEDE PRINCIPAL
NOREÑA OSPINA MAURICIO,MAURICIO NOREÑA OSPINA,MEDICO AUDITOR,calidad@hospitalsantamonica.gov.co,3302507 - ext. 188,SEDE PRINCIPAL
ESPÌRITU RECONECTANDO CUERPO MENTE-,MENTE- ESPÌRITU RECONECTANDO CUERPO,SALUD MENTAL,coordinacionambulatorios@hospitalsantamonica.gov.co,3302507 - ext. 193,SEDE PRINCIPAL
PEÑALVER SPECK MIGUEL,MIGUEL PEÑALVER SPECK,MEDICO GASTROENTEROLOGIA,coordinacionconsulta@hospitalsantamonica.gov.co,3302507 - ext. 230,SEDE PRINCIPAL
CASTAÑO GALVIS MILENA,MILENA CASTAÑO GALVIS,PROFESIONAL UNIVERSITARIO ÁREA SALUD (TERAPIA FÍSICA),terapiafisica@hospitalsantamonica.gov.co,3302507 - ext. 390,TERAPIA FISICA
CABRERA ORTEGA MONICA FERNANDA,MONICA FERNANDA CABRERA ORTEGA,PSICOLOGA,coordinacionambulatorios@hospitalsantamonica.gov.co,3302507 - ext. 125-126,SEDE PRINCIPAL
CALLE CARDONA MONICA DEL PILAR,MONICA DEL PILAR CALLE CARDONA,MEDICO GENERAL,autorizaciones@hospitalsantamonica.gov.co,3302507 - ext. 124,HOSPITALIZACIÓN
COY CEBALLOS MONICA PAOLA,MONICA PAOLA COY CEBALLOS,ENFERMERA PROFESIONAL,coordinacionambulatorios@hospitalsantamonica.gov.co,3302507 - ext. 623,SEDE PRINCIPAL
CORREA BAYER NATALIA,NATALIA CORREA BAYER,ENFERMERA PROFESIONAL,coordinacionambulatorios@hospitalsantamonica.gov.co,3302507 - ext. 138,SEDE PRINCIPAL
RODRIGUEZ RAMIREZ NATHALIA,NATHALIA RODRIGUEZ RAMIREZ,FISOTERAPEUTA (APS),coordinacionambulatorios@hospitalsantamonica.gov.co,3302507 - ext. 233,SEDE PRINCIPAL
TRUJILLO ORTIZ NATHALIA,NATHALIA TRUJILLO ORTIZ,MÉDICO,coordinacionurgencias@hospitalsantamonica.gov.co,3302507 - ext. 362,URGENCIAS
OSPINA LÓPEZ NELSON ENRIQUE,NELSON ENRIQUE OSPINA LÓPEZ,INGENIERO EN SISTEMAS Y COMPUTACIÓN,sistemas@hospitalsantamonica.gov.co,3302507 - ext. 125-127,SEDE PRINCIPAL
VALENCIA FLOREZ NICOLAS JACOBO,NICOLAS JACOBO VALENCIA FLOREZ,PSICOLOGO,coordinacionambulatorios@hospitalsantamonica.gov.co,3302507 - ext. 125-126,SEDE PRINCIPAL
TAMAYO NARANJO OLGA PIEDAD,OLGA PIEDAD TAMAYO NARANJO,TÈCNICO OPERATIVO COMPRAS E INVENTARIOS,coordinacionambulatorios@hospitalsantamonica.gov.co,3302507 - ext. 300,ADMINISTRACION
MORALES SÁNCHEZ OSCAR ALBERTO,OSCAR ALBERTO MORALES SÁNCHEZ,ENDODONCISTA,coordinacionodontologica@hospitalsantamonica.gov.co,3302507 - ext. 230,SEDE PRINCIPAL
SULAIMAN DIAZ OTHMAN MOHAMAD,OTHMAN MOHAMAD SULAIMAN DIAZ,ANESTESIÓLOGO,coordinacionconsulta@hospitalsantamonica.gov.co,3302507 - ext. 138,SEDE PRINCIPAL
CANO MUÑOZ PAMELA ANDREA,PAMELA ANDREA CANO MUÑOZ,AUDITORIA CONCURRENTE,auditoria@hospitalsantamonica.gov.co,3302507 - ext. 46,SEDE PRINCIPAL
BARRIOS MUNERA PAOLA ANDREA,PAOLA ANDREA BARRIOS MUNERA,GESTION DEL RIESGO,planeacion@hospitalsantamonica.gov.co,3302507 - ext. 125-126,SEDE PRINCIPAL
CARDENAS RESTREPO PAOLA MARIA,PAOLA MARIA CARDENAS RESTREPO,"LIDERA EL PROCESO,GESTION Y MANEJO DE RESIDUOS HOSPITALARIOS",mantenimiento@hospitalsantamonica.gov.co,3302507 - ext. 125-126,SEDE PRINCIPAL
OROZCO MARTINEZ PAOLA ANDREA,PAOLA ANDREA OROZCO MARTINEZ,ENFERMERA PROFESIONAL,coordinacionambulatorios@hospitalsantamonica.gov.co,3302507 - ext. 203,SEDE PRINCIPAL
SALCEDO RIVERA PATRICIA ELENA,PATRICIA ELENA SALCEDO RIVERA,MEDICO GENERAL,coordinacionurgencias@hospitalsantamonica.gov.co,3302507 - ext. 292,PARTOS
CHAVARRIA SALDAÑA PAULA GINETH,PAULA GINETH CHAVARRIA SALDAÑA,AUXILIAR DE ENFERMERIA (APS),coordinacionambulatorios@hospitalsantamonica.gov.co,3302507 - ext. 230,SEDE PRINCIPAL
BEDOYA LOPEZ RODRIGO ANTONIO,RODRIGO ANTONIO BEDOYA LOPEZ,MEDICO GENERAL,coordinacionambulatorios@hospitalsantamonica.gov.co,3302507 - ext. 107,CONSULTA EXTERNA
PÉREZ PÉREZ ROSELIA,ROSELIA PÉREZ PÉREZ,AUXILIAR ADMINISTRATIVO FACTURACIÒN,coordinacionurgencias@hospitalsantamonica.gov.co,3302507 - ext. 268,CAJA SERVICIO DE URGENCIAS
BERNAL RUIZ ROSMARY ELVIRA,ROSMARY ELVIRA BERNAL RUIZ,BACTERIOLOGIA,laboratorio@hospitalsantamonica.gov.co,3302507 - ext. 125-126,SEDE PRINCIPAL
SEPÚLVEDA RAMIREZ RUBIEL ANTONIO,RUBIEL ANTONIO SEPÚLVEDA RAMIREZ,AUXILIAR AREA SALUD ENFERMERÌA,coordinacionurgencias@hospitalsantamonica.gov.co,3302507 - ext. 339,CONSULTA EXTERNA
SIERRA CASTILLEJO RUT ESTER,RUT ESTER SIERRA CASTILLEJO,ENFERMERA PROFESIONAL,coordinacionambulatorios@hospitalsantamonica.gov.co,3302507 - ext. 202,SEDE PRINCIPAL
TREJOS RUBIANO RUTH CAROLINA,RUTH CAROLINA TREJOS RUBIANO,AUXILIAR ENFERMERIA,coordinacionambulatorios@hospitalsantamonica.gov.co,3302507 - ext. 125-129,SEDE PRINCIPAL
MONTOYA ESCOBAR SAMIR,SAMIR MONTOYA ESCOBAR,SUPERVICION CONTRATOS,financiera@hospitalsantamonica.gov.co,3302507 - ext. 107,SEDE PRINCIPAL
ECHEVERRY RAMIREZ SANDRA CECILIA,SANDRA CECILIA ECHEVERRY RAMIREZ,COORDINADOR DE UNIDAD SISTEMAS DE INFORMACIÓN Y GESTIÓN DOCUMENTAL,coordinacionsistemas@hospitalsantamonica.gov.co,3302507 - ext. 266,SISTEMAS Y ARCHIVO
RUIZ CARDENAS SANDRA YULIETH,SANDRA YULIETH RUIZ CARDENAS,AUXILIAR AREA SALUD ODONTOLOGIA,coordinacionodontologica@hospitalsantamonica.gov.co,3302507 - ext. 327,SALUD ORAL
RUIZ RODRIGUEZ SANDRA LORENA,SANDRA LORENA RUIZ RODRIGUEZ,PROFESIONAL UNIVERSITARIO ÁREA SALUD (INSTRUMENTADORA QUIRÚRGICA),coordinacioncirugia@hospitalsantamonica.gov.co,3302507 - ext. 413,BLOQUE QUIRURGICO
CASTRO ZULUAGA SARA,SARA CASTRO ZULUAGA,ENFERMERA PROFESIONAL,coordinacionambulatorios@hospitalsantamonica.gov.co,3302507 - ext. 125-128,SEDE PRINCIPAL
MONTOYA VASQUEZ SARA,SARA MONTOYA VASQUEZ,PROFESIONAL UNIVERSITARIO ÁREA SALUD BACTERIOLOGÍA,coordinacionambulatorios@hospitalsantamonica.gov.co,3302507 - ext. 249,LABORATORIO CLINICO
PALOMINO GUTIERREZ SEBASTIAN,SEBASTIAN PALOMINO GUTIERREZ,PSICOLOGO,coordinacionambulatorios@hospitalsantamonica.gov.co,3302507 - ext. 192,SEDE PRINCIPAL
SALAZAR RESTREPO SEBASTIAN,SEBASTIAN SALAZAR RESTREPO,ODONTOLOGO (APS),coordinacionambulatorios@hospitalsantamonica.gov.co,3302507 - ext. 125-129,SEDE PRINCIPAL
ROMERO CERON SIMON DARIO,SIMON DARIO ROMERO CERON,SERVICIOS PERSONALES COMUNITARIOS CAMAD,coordinacionambulatorios@hospitalsantamonica.gov.co,3302507 - ext. 125-126,SEDE PRINCIPAL
POSADA JIMENEZ SOFIA ALEJANDRA,SOFIA ALEJANDRA POSADA JIMENEZ,ENFERMERA PROFESIONAL,coordinacionambulatorios@hospitalsantamonica.gov.co,3302507 - ext. 398,SEDE PRINCIPAL
IBARRA GAMEZ SONIA DAYANA,SONIA DAYANA IBARRA GAMEZ,OTORRINOLARINGÓLOGA,coordinacionconsulta@hospitalsantamonica.gov.co,3302507 - ext. 125-126,SEDE PRINCIPAL
MARIN MANZANO SORLENY,SORLENY MARIN MANZANO,AUXILIAR AREA SALUD ENFERMERÌA,coordinacionambulatorios@hospitalsantamonica.gov.co,3302507 - ext. 229,PARTOS
ALVAREZ SALAZAR STEFANNY,STEFANNY ALVAREZ SALAZAR,ENFERMERA,coordinacioninternacion@hospitalsantamonica.gov.co,3302507 - ext. 374,HOSPITALIZACIÓN
JARAMILLO RESTREPO TATIANA,TATIANA JARAMILLO RESTREPO,AUXILIAR ADMINISTRATIVO GERENCIA,gerencia@hospitalsantamonica.gov.co,3302507 - ext. 210,ADMINISTRACIÓN
ARANGO CASTAÑEDA VALERIA,VALERIA ARANGO CASTAÑEDA,MEDICO PSIQUIATRA,coordinacionconsulta@hospitalsantamonica.gov.co,3302507 - ext. 125-126,SEDE PRINCIPAL
MELO VANEGAS VALERIA,VALERIA MELO VANEGAS,AUXILIAR DE ENFERMERIA,coordinacionambulatorios@hospitalsantamonica.gov.co,3302507 - ext. 203,SEDE PRINCIPAL
RODRIGUEZ GARCIA VICENTE ANTONIO,VICENTE ANTONIO RODRIGUEZ GARCIA,MANTENIMIENTO,mantenimiento@hospitalsantamonica.gov.co,3302507 - ext. 107,SEDE PRINCIPAL
ANTE BEDOYA VICTORIA EUGENIA,VICTORIA EUGENIA ANTE BEDOYA,MÉDICO,coordinacionambulatorios@hospitalsantamonica.gov.co,3302507 - ext. 351,CONSULTA EXTERNA
PEREZ TRIANA VICTORIA EUGENIA,VICTORIA EUGENIA PEREZ TRIANA,BACTERIÓLOGA,laboratorio@hospitalsantamonica.gov.co,3302507 - ext. 382,LABORATORIO CLINICO
ECHEVERRY OROZCO VIVIANA JOHANNA,VIVIANA JOHANNA ECHEVERRY OROZCO,PSICOLOGA,coordinacionambulatorios@hospitalsantamonica.gov.co,3302507 - ext. 204,SEDE PRINCIPAL
CASAS TRUJILLO WILLIAM VICENTE,WILLIAM VICENTE CASAS TRUJILLO,MEDICO GENERAL,coordinacionurgencias@hospitalsantamonica.gov.co,3302507,URGENCIAS
SALAZAR ARIAS WILLIAM,WILLIAM SALAZAR ARIAS,MEDICO GENERAL (M. TIEMPO),coordinacionambulatorios@hospitalsantamonica.gov.co,3302507 - ext. 296,AUDITORÍA
SANCHEZ BEDOYA WILMAR URIEL,WILMAR URIEL SANCHEZ BEDOYA,INGENIERO DE SISTEMAS,sistemas@hospitalsantamonica.gov.co,3302507 - ext. 125-127,SEDE PRINCIPAL
CASTRILLON PEREZ YENNY DAHIANNA,YENNY DAHIANNA CASTRILLON PEREZ,"TRABAJADOR(A) SOCIAL CAMAD""",coordinacionambulatorios@hospitalsantamonica.gov.co,3302507 - ext. 125-126,SEDE PRINCIPAL
HINCAPIE CRIOLLO YESENIA,YESENIA HINCAPIE CRIOLLO,AUXILIAR ÁREA SALUD (ENFERMERÍA),coordinacionurgencias@hospitalsantamonica.gov.co,3302507 - ext. 449,URGENCIAS
MELO PRADA YINED VIVIANA,YINED VIVIANA MELO PRADA,AUXILIAR DE ENFERMERIA,coordinacionambulatorios@hospitalsantamonica.gov.co,3302507 - ext. 125-128,SEDE PRINCIPAL
ROBLEDO RENTERIA YISLEIVI,YISLEIVI ROBLEDO RENTERIA,TRABAJADOR(A) SOCIAL CAMAD,coordinacionambulatorios@hospitalsantamonica.gov.co,3302507 - ext. 138,SEDE PRINCIPAL
FAUBEL GÓMEZ YOANDRI,YOANDRI FAUBEL GÓMEZ,CIRUJANO MAXILOFACIAL,coordinacionconsulta@hospitalsantamonica.gov.co,3302507 - ext. 230,SEDE PRINCIPAL
MOSQUERA RENTERIA YULEIDY,YULEIDY MOSQUERA RENTERIA,ENFERMERIA PROFESIONAL CAMAD,coordinacionambulatorios@hospitalsantamonica.gov.co,3302507 - ext. 107,SEDE PRINCIPAL
ARIAS GALVIS YULIANA CAROLINA,YULIANA CAROLINA ARIAS GALVIS,ENFERMERA PROFESIONAL,coordinacionambulatorios@hospitalsantamonica.gov.co,3302507 - ext. 125-126,SEDE PRINCIPAL
