NOMBRE ;CARGO;CORREO INSTITUCIONAL;TELEFONO INSTITUCIONAL 3302507 ext-;DEPENDENCIA;TÍTULO
ARENAS ROJAS LUIS CARLOS;MEDICO GENERAL;coordinacionurgencias@hospitalsantamonica.gov.co;107;HOSPITALIZACIÓN;MÉDICO Y CIRUJANO/ ESP. EN GERENCIA DE LA SALUD PÚBLICA 
ARIAS GARCIA JULIANA;JEFE DE OFICINA JURIDICA;juridica@hospitalsantamonica.gov.co;107;JURIDICA;ABOGADA
BEDOYA LOPEZ RODRIGO ANTONIO;MEDICO GENERAL;coordinacionambulatorios@hospitalsantamonica.gov.co;291;CONSULTA EXTERNA;MÉDICO Y CIRUJANO
BENJUMEA VANEGAS MARTA CECILIA;ENFERMERO;coordinacioncirugia@hospitalsantamonica.gov.co;108;CIRUGIA;ENFERMERA
BERNAL ARAGON JUAN GUILLERMO ;MEDICO GENERAL;coordinacionurgencias@hospitalsantamonica.gov.co;107;CIRUGIA;MÉDICO Y CIRUJANO
CALLE CARDONA MONICA DEL PILAR;MEDICO GENERAL;coordinacionurgencias@hospitalsantamonica.gov.co;126;HOSPITALIZACIÓN;MÉDICO Y CIRUJANO
CARDONA OSORIO MARIA ARMIDA;ENFERMERO;coordinacioninternacion@hospitalsantamonica.gov,co;126;HOSPITALIZACIÓN;ENFERMERA/ ESP. EN GERENCIA DE LA CALIDAD Y AUDITORÌA EN SALUD
CASTAÑO OCAMPO DANIELA;PROFESIONAL UNIVERSITARIO (TALENTO HUMANO);recursoshumanos@hospitalsantamonica.gov.co;124;TALENTO HUMANO ;ABOGADA
CORREA ARBELAEZ JUAN CARLOS ;SUBGERENTE ADMINISTRATIVO ASISTENCIAL ;coordinacionconsulta@hospitalsantamonica.gov.co;124;HOSPITALIZACIÓN;MEDICO CIRUJANO
DUQUE ARRUBLA CLAUDIA LILIANA;ASESOR CONTROL INTERNO DE GESTIÓN;controlinterno@hospitalsantamonica.gov.co;291;ADMINISTRACIÓN;ABOGADA
ECHEVERRY RAMIREZ SANDRA CECILIA;TÉCNICO OPERATIVO SISTEMAS;coordinacionsistemas@hospitalsantamonica.gov.co;127;SISTEMAS Y ARCHIVO;TECNÓLOGA EN SISTEMATIZACIÓN DE DATOS
ECHEVERRY ROCHE GUSTAVO DE JESUS;MEDICO GENERAL;coordinacionurgencias@hospitalsantamonica.gov.co;;HOSPITALIZACIÓN;MÉDICO
GAVIRIA OSORIO JOSE ALVARO;MEDICO GENERAL;coordinacionambulatorios@hospitalsantamonica.gov.co;266;CONSULTA EXTERNA;MÉDICO Y CIRUJANO
GONZALEZ LOPEZ LADY ESTELLA;AUXILIAR ADMINISTRATIVO FACTURACIÒN;coordinacionambulatorios@hospitalsantamonica.gov.co;124;CAJA CONSULTA EXTERNA;BACHILLER EN SISTEMAS
GONZALEZ MORENO GLORIA MARIA;MEDICO GENERAL;epidemiologia@hospitalsantamonica.gov.co;190;EPIDEMIOLOGIA;MÉDICO Y CIRUJANO/ ESP. EN GERENCIA DE SERVICIOS DE SALUD/ EN EPIDEMIOLOGÌA
HOYOS ESTRADA CONSTANZA;AUXILIAR SERVICIOS GENERALES;coordinacionambulatorios@hospitalsantamonica.gov.co;194;SANTA TERESITA ;BACHILLER ACADÉMICO
JARAMILLO RESTREPO TATIANA;AUXILIAR ADMINISTRATIVO GERENCIA;secretariagerencia@hospitalsantamonica.gov.co;198;ADMINISTRACION;TECNOLOGA EN ATENCION PREHOSPITALARIA
LOPEZ VASQUEZ ALBA LUCIA;AUXILIAR AREA SALUD ENFERMERÌA;coordinacionambulatorios@hospitalsantamonica.gov.co;202;HOSPITALIZACIÓN;AUXILIAR DE ENFERMERÍA
MANCILLA TRIANA EDGAR MANUEL;JEFE DE OFICINA CONTROL INTERNO DISCIPLINARIO;controldisciplinariointerno@hospitalsantamonica.gov.co;206;CONTROL INTERNO;ABOGADO 
MARIN GOMEZ JUAN CARLOS ;GERENTE ;gerencia@hospitalsantamonica.gov.co;210;ADMINISTRACION ;MEDICO Y CIRUJANO
MARIN GRAJALES MARIA EUGENIA;PROFESIONAL UNIVERSITARIO (TESORERIA);tesoreria@hospitalsantamonica.gov.co;214;FINANCIERA;ADMINISTRADOR FINANCIERO
MARIN MANZANO SORLENY;AUXILIAR AREA SALUD ENFERMERÌA;coordinacioncirugia@hospitalsantamonica.gov.co;218;PARTOS;AUXILIAR DE ENFERMERÍA
MARMOLEJO TASCON GLORIA CENAIDA;ODONTOLOGO;coordinacionodontologia@hospitalsantamonica.gov.co;221;SERVICIO DE ODONTOLOGIA;ODONTÓLOGA
MEJIA CADAVID FRANCY EUNICE;PROFESIONAL UNIVERSITARIO (FACTURACION);costos@hospitalsantamonica.gov.co;225;CAJA PRINCIPAL / TESORERIA;CONTADORA
MESA RODRIGUEZ MARTHA INES;AUXILIAR AREA SALUD ENFERMERÌA;coordinacioninternacion@hospitalsantamonica.gov,co;229;HOSPITALIZACIÓN;AUXILIAR DE ENFERMERÍA
MILLAN GAVIRIA LUZ ELENA;MEDICO GENERAL;coordinacioncirugia@hospitalsantamonica.gov.co;233;PARTOS;MÉDICO Y CIRUJANO
MONTOYA VASQUEZ SARA;PROFESIONAL UNIVERSITARIO ÁREA SALUD BACTERIOLOGÍA;laboratorio@hospitalsantamonica.gov.co;237;LABORATORIO CLINICO;BACTERIÓLOGA Y LABORATORISTA CLÍNICA
ORDOÑEZ LOPEZ LUZ ADRIANA;ENFERMERO;coordinacionambulatorios@hospitalsantamonica.gov.co;241;CONSULTA EXTERNA;ENFERMERA/ ESPECIALISTA EN GERENCIA DE SERVICIOS DE SALUD
OSORIO VALENCIA DIEGO ANTONIO;OPERARIO MANTENIMIENTO;mantenimiento@hospitalsantamonica.gov.co;245;MANTENIMIENTO;BACHILLER ACADÉMICO
 OSORIO HOYOS JULIANA;ODONTOLOGO;coordinacionodontologia@hospitalsantamonica.gov.co;249;SERVICIO DE ODONTOLOGIA;ODONTOLOGA. 
PEREZ ARANGO GLORIA CONSUELO;ENFERMERO;coordinacionurgencias@hospitalsantamonica.gov.co;253;URGENCIAS;ENFERMERA/ ESPEC. EN GERENCIA DE LA CALIDAD Y AUDITORÍA EN SALUD
PEREZ PEREZ ROSELIA;AUXILIAR ADMINISTRATIVO FACTURACIÒN;coordinacionurgencias@hospitalsantamonica.gov.co;257;CAJA SERVICIO DE URGENCIAS;BACHILLER ACADÉMICO
RAMIREZ MOSQUERA ANA DOLORES;AUXILIAR AREA SALUD ENFERMERÌA;coordinacionurgencias@hospitalsantamonica.gov.co;261;URGENCIAS;AUXILIAR DE ENFERMERÍA
RAMIREZ ROJAS CARLOS MARIO;ODONTOLOGO;coordinacionodontologia@hospitalsantamonica.gov.co;264;SERVICIO DE ODONTOLOGIA;ODONTOLOGO
RENDÒN TORRES LINA BEATRÌZ;ODONTOLOGO;coordinacionodontologia@hospitalsantamonica.gov.co;268;SERVICIO DE ODONTOLOGIA;ODONTÓLOGO
TABAREZ CADAVID LORENZO;SUBGERENTE ADMINISTRATIVO Y FINANCIERO;financiera@hospitalsantamonica.gov.co;272;FINANCIERA;INGENIERO FINANCIERO
SALCEDO RIVERA PATRICIA ELENA;MEDICO GENERAL;coordinacionurgencias@hospitalsantamonica.gov.co;276;PARTOS;MÉDICO Y CIRUJANO
SALAZAR ARIAS WILLIAM;MEDICO GENERAL (M. TIEMPO);coordinacionambulatorios@hospitalsantamonica.gov.co;280;AUDITOR;MEDICO Y CIRUJANO
OLGA PIEDAD TAMAYO NARANJO ;TÈCNICO OPERATIVO COMPRAS E INVENTARIOS;compras@hospitalsantamonica.gov.co;284;ADMINISTRACION;BACHILLER ACADÉMICO
VIQUE LAVERDE KAROL YIZETH ;TRABAJADORA SOCOIAL ;trabajosocial@hospitalsantamonica.gov.;288;SIAU;TRABAJADORA SOCIAL -ESPECIALISTA EN GESTION PSICOSOCIAL EN CONTEXTOS DE TRABAJO
YEPES BALLESTEROS MARTHA ERESBEY ;ENFERMERO;coordinacionconsulta@hospitalsantamonica.gov.co;292;CONSULTA EXTERNA - ESPECIALISTA;ENFERMERA
CORTES VELEZ KELLY FAISURI ;AUXILIAR ÁREA SALUD (ENFERMERÍA);coordinacionurgencias@hospitalsantamonica.gov.co;308;URGENCIAS;TÉCNICO AUXILIAR DE ENFERMERIA
ESPINOSA HERNÁNDEZ LEYDY YOHANA;AUXILIAR ÁREA SALUD (ENFERMERÍA);coordinacionurgencias@hospitalsantamonica.gov.co;311;CONSULTA EXTERNA;AUXILIAR DE ENFERMERIA
MAYA BEDOYA BEATRIZ HELENA ;TECNICO AREA SALUD RADIOLOGIA E IMÁGENES DIAGNOSTICAS;coordinacionconsulta@hospitalsantamonica.gov.co;315;RADIOLOGIA E IMÁGENES DIAGNOSTICAS;TECNOLOGA EN RADIOLOGIA E IMÁGENES DIAGNOSTICAS
OSORIO RODRIGUEZ MARTHA LUCIA;AUXILIAR AREA SALUD ENFERMERÌA;autorizaciones@hospitalsantamonica.gov.co;319;INTERNACION;AUXILIAR DE ENFERMERIA
RENDON GRANADA LUZ PIEDAD ;AUXILIAR AREA SALUD (ODONTOLOGÍA);coordinacionodontologica@hospitalsantamonica.gov.co;323;SALUD ORAL;AUXILIAR EN SALUD ORAL
RUIZ CARDENAS SANDRA YULIETH;AUXILIAR AREA SALUD (ODONTOLOGÍA);coordinacionodontologica@hospitalsantamonica.gov.co;327;SALUD ORAL;AUXILIAR CONSULTORIO ODONTOLOGICO
SALAZAR LONDOÑO LUZ ESTRELLA ;AUXILIAR ÁREA SALUD (ENFERMERÍA);autorizaciones@hospitalsantamonica.gov.co;331;CONSULTA EXTERNA;AUXILIAR DE  ENFERMERIA
SALDARRIAGA GAVIRIA JEIMI DAIFENY ;AUXILIAR ÁREA SALUD (ENFERMERÍA);autorizaciones@hospitalsantamonica.gov.co;335;CENTRAL DE MATERIALES;AUXILIAR DE ENFERMERIA
SEPÚLVEDA RAMÍREZ RUBIEL ANTONIO;AUXILIAR ÁREA SALUD (ENFERMERÍA);coordinacionurgencias@hospitalsantamonica.gov.co;339;CONSULTA EXTERNA;AUXILIAR DE ENFERMERIA
VELASQUEZ AGUDELO ANGELICA;AUXILIAR AREA SALUD (ODONTOLOGÍA);coordinacionodontologica@hospitalsantamonica.gov.co;343;SALUD ORAL;TÉCNICO LABORAL AUXILIAR EN SALUD ORAL
MEJIA DUQUE JUAN CARLOS ;MÉDICO;coordinacionambulatorios@hospitalsantamonica.gov.co;347;CONSULTA EXTERNA;MÉDICO
ANTE BEDOYA VICTORIA EUGENIA;MÉDICO;coordinacionambulatorios@hospitalsantamonica.gov.co;351;CONSULTA EXTERNA;MÉDICO
CASTELLANOS DE MOYA MARCELO ;MÉDICO;coordinacionurgencias@hospitalsantamonica.gov.co;355;URGENCIAS;MÉDICO
ARIZA DUQUE DIANA CAROLINA;MÉDICO;coordinacionurgencias@hospitalsantamonica.gov.co;358;URGENCIAS;MÉDICO
TRUJILLO ORTIZ NATHALIA;MÉDICO;coordinacionurgencias@hospitalsantamonica.gov.co;362;URGENCIAS;MÉDICO
HOLGUIN RAMIREZ ABLADIS DEL CARMEN;ENFERMERO;coordinacioninternacion@hospitalsantamonica.gov,co;366;HOSPITALIZACIÓN;ENFERMERO
MARIN ZAMORA LINA MARCELA;ENFERMERO;coordinacioncirugia@hospitalsantamonica.gov.co;370;BLOQUE QUIRURGICO;ENFERMERO
ALVAREZ SALAZAR STEFANNY ;ENFERMERO;coordinacioninternacion@hospitalsantamonica.gov,co;374;HOSPITALIZACIÓN;ENFERMERO
VALENCIA LOAIZA KATHERINE ;ENFERMERO;coordinacionurgencias@hospitalsantamonica.gov.co;378;URGENCIAS;ENFERMERO
PEREZ TRIANA VICTORIA EUGENIA;BACTERIÓLOGO;laboratorio@hospitalsantamonica.gov.co;382;LABORATORIO CLINICO;BACTERIÓLOGO
SANCHEZ GUTIERREZ BEATRIZ ELENA;PROFESIONAL UNIVERSITARIO ÁREA SALUD (TERAPIA FÍSICA);terapiafisica@hospitalsantamonica.gov.co;386;TERAPIA FISICA;PROFESIONAL UNIVERSITARIO ÁREA SALUD (TERAPIA FÍSICA)
CASTAÑO GALVIS MILENA ;PROFESIONAL UNIVERSITARIO ÁREA SALUD (TERAPIA FÍSICA);terapiafisica@hospitalsantamonica.gov.co;390;TERAPIA FISICA;PROFESIONAL UNIVERSITARIO ÁREA SALUD (TERAPIA FÍSICA)
GUTIÉREZ SERNA JOHON HEYVER;PROFESIONAL UNIVERSITARIO ÁREA SALUD (PSICOLOGÍA);coordinacionurgencias@hospitalsantamonica.gov.co;394;URGENCIAS;PROFESIONAL UNIVERSITARIO ÁREA SALUD (PSICOLOGÍA)
CARDENAS ALVAREZ LUZ PIEDAD;PROFESIONAL UNIVERSITARIO (TRABAJADORA SOCIAL);coordinacionurgencias@hospitalsantamonica.gov.co;398;URGENCIAS;PROFESIONAL UNIVERSITARIO (TRABAJADORA SOCIAL)
GOMEZ PEREZ MARIA ALEJANDRA;PROFESIONAL UNIVERSITARIO ÁREA SALUD (TERAPEUTA RESPIRATORIO);coordinacioninternacion@hospitalsantamonica.gov,co;402;HOSPITALIZACIÓN;PROFESIONAL UNIVERSITARIO ÁREA SALUD (TERAPEUTA RESPIRATORIO)
VALENCIA ARIAS LILIANA LORENA;ODONTOLOGO;coordinacionodontologica@hospitalsantamonica.gov.co;405;ODONTOLOGIA;ODONTOLOGO
HENAO FRANCO MARTHA LEDY;PROFESIONAL UNIVERSITARIO ÁREA SALUD (INSTRUMENTADORA QUIRÚRGICA);coordinacioncirugia@hospitalsantamonica.gov.co;409;BLOQUE QUIRURGICO;PROFESIONAL UNIVERSITARIO ÁREA SALUD (INSTRUMENTADORA QUIRÚRGICA)
RUIZ RODRIGUEZ SANDRA LORENA;PROFESIONAL UNIVERSITARIO ÁREA SALUD (INSTRUMENTADORA QUIRÚRGICA);coordinacioncirugia@hospitalsantamonica.gov.co;413;BLOQUE QUIRURGICO;PROFESIONAL UNIVERSITARIO ÁREA SALUD (INSTRUMENTADORA QUIRÚRGICA)
NARVAEZ LLANOS CLAUDIA MILENA;TÉCNICO ÁREA SALUD (RADIOLOGÍA E IMÁGENES DIAGNÓSTICAS);coordinacionconsulta@hospitalsantamonica.gov.co;417;IMAGENOLOGÍA;TÉCNICO ÁREA SALUD (RADIOLOGÍA E IMÁGENES DIAGNÓSTICAS)
CARVAJAL MARTÍNEZ LAURA JISSETH;AUXILIAR AREA SALUD (ODONTOLOGÍA);coordinacionodontologica@hospitalsantamonica.gov.co;421;ODONTOLOGIA;AUXILIAR AREA SALUD (ODONTOLOGÍA)
MORALES CASTRO DIANA MILENA;AUXILIAR ÁREA SALUD (ENFERMERÍA);coordinacioncirugia@hospitalsantamonica.gov.co;425;BLOQUE QUIRURGICO;AUXILIAR ÁREA SALUD (ENFERMERÍA)
CARMONA CÁRDENAS LUISA MARÍA;AUXILIAR ÁREA SALUD (ENFERMERÍA);coordinacioninternacion@hospitalsantamonica.gov,co;429;HOSPITALIZACIÓN;AUXILIAR ÁREA SALUD (ENFERMERÍA)
JURADO MOGOLLÓN DANIELA JURADO;AUXILIAR ÁREA SALUD (ENFERMERÍA);coordinacioncirugia@hospitalsantamonica.gov.co;433;CENTRAL DE MATERIALES;AUXILIAR ÁREA SALUD (ENFERMERÍA)
PÉREZ MONTOYA DERLYN CATERIN;AUXILIAR ÁREA SALUD (ENFERMERÍA);coordinacioninternacion@hospitalsantamonica.gov,co;437;HOSPITALIZACIÓN;AUXILIAR ÁREA SALUD (ENFERMERÍA)
CÁRDENAS UCHIMA ALEJANDRA MARCELA;AUXILIAR ÁREA SALUD (ENFERMERÍA);coordinacionurgencias@hospitalsantamonica.gov.co;441;URGENCIAS;AUXILIAR ÁREA SALUD (ENFERMERÍA)
RUBY MAYA ALBA RUBY;AUXILIAR ÁREA SALUD (ENFERMERÍA);coordinacioninternacion@hospitalsantamonica.gov,co;445;HOSPITALIZACIÓN;AUXILIAR ÁREA SALUD (ENFERMERÍA)
HINCAPIE CRIOLLO YESENIA ;AUXILIAR ÁREA SALUD (ENFERMERÍA);coordinacionurgencias@hospitalsantamonica.gov.co;449;URGENCIAS;AUXILIAR ÁREA SALUD (ENFERMERÍA)
CALLE ARENAS MARÍA CAROLINA;AUXILIAR ÁREA SALUD (ENFERMERÍA);coordinacioninternacion@hospitalsantamonica.gov,co;452;HOSPITALIZACIÓN;AUXILIAR ÁREA SALUD (ENFERMERÍA)
LLOREDA MENA DANNY JHOJANA;AUXILIAR ÁREA SALUD (ENFERMERÍA);laboratorio@hospitalsantamonica.gov.co;456;LABORATORIO CLINICO;AUXILIAR ÁREA SALUD (ENFERMERÍA)
LLOREDA MENA FARILIS ;AUXILIAR ÁREA SALUD (ENFERMERÍA);coordinacionurgencias@hospitalsantamonica.gov.co;460;URGENCIAS;AUXILIAR ÁREA SALUD (ENFERMERÍA)
GRAJALES MONTOYA JORGE ANDRÉS;AUXILIAR ÁREA SALUD (ENFERMERÍA);coorinacionambulatorio@hospitalsantamonica.gov.co;464;CONSULTA EXTERNA;AUXILIAR ÁREA SALUD (ENFERMERÍA)
ACEVEDO GONZALEZ MARTHA LIGIA;APOYO SUBGERENTE ASISTENCIAL - INTERVENTORIAS;coordinacionconsulta@hospitalsantamonica.gov.co;107;SEDE PRINCIPAL;APOYO SUBGERENTE ASISTENCIAL - INTERVENTORIAS
AGUDELO GIRALDO DIEGO ALEJANDRO;ABOGADO;coordinacionconsulta@hospitalsantamonica.gov.co;234;SEDE PRINCIPAL;ABOGADO
AGUDELO SEPULVEDA DIANA PATRICIA;NUTRICIONISTA ;coordinacionconsulta@hospitalsantamonica.gov.co;287;SEDE PRINCIPAL;NUTRICIONISTA 
ARANGO CASTAÑEDA VALERIA ;MEDICO PSIQUIATRA;coordinacionconsulta@hospitalsantamonica.gov.co;138;SEDE PRINCIPAL;MEDICO PSIQUIATRA
ARELLANO SANCHEZ GERARDO ARTURO;DERMATOLOGO;coordinacionodontologica@hospitalsantamonica.gov.co;195;SEDE PRINCIPAL;DERMATOLOGO
ARISMENDI RAMIREZ JONATHAN;INGENIERIA EN SISTEMAS ;coordinacionconsulta@hospitalsantamonica.gov.co;230;SEDE PRINCIPAL;INGENIERIA EN SISTEMAS 
ARISTIZABAL BEDOYA JUAN CAMILO; INGENIERIA DE SISTEMAS;coordinacionconsulta@hospitalsantamonica.gov.co;125-126;SEDE PRINCIPAL; INGENIERIA DE SISTEMAS
ARISTIZABAL SEPULVEDA DANIELA ;ANGELA HERRERA;coordinacionconsulta@hospitalsantamonica.gov.co;230;SEDE PRINCIPAL;ANGELA HERRERA
BARRIOS MUNERA PAOLA ANDREA;GESTION DEL RIESGO;coordinacionconsulta@hospitalsantamonica.gov.co;125-126;SEDE PRINCIPAL;GESTION DEL RIESGO
BELTRAN ORDOÑEZ LUDY CAROLINA;MEDICO OTORRINA;coordinacionconsulta@hospitalsantamonica.gov.co;230;SEDE PRINCIPAL;MEDICO OTORRINA
BORJA MARIN DANIEL; APOYO A LA GESTION COMERCIAL;coordinacionconsulta@hospitalsantamonica.gov.co;138;SEDE PRINCIPAL; APOYO A LA GESTION COMERCIAL
CANO SALAZAR LYDA MARIA ;GINECÓ-OBSTETRA;coordinacionconsulta@hospitalsantamonica.gov.co;125-126;SEDE PRINCIPAL;GINECÓ-OBSTETRA
CARDENAS RESTREPO PAOLA MARIA;LIDERAR EL PROCESO,GESTION Y MANEJO DE RESIDUOS HOSPITALARIOS ;coordinacionconsulta@hospitalsantamonica.gov.co;125-126;SEDE PRINCIPAL;LIDERAR EL PROCESO,GESTION Y MANEJO DE RESIDUOS HOSPITALARIOS 
CARDONA ESTRADA JORGE IVAN;CIRUJANO MAXILOFACIAL;coordinacionconsulta@hospitalsantamonica.gov.co;125-126;SEDE PRINCIPAL;CIRUJANO MAXILOFACIAL
 CARDONA DEAZA JOSE LUIS;MEDICO PATOLOGO;coordinacionconsulta@hospitalsantamonica.gov.co;138;SEDE PRINCIPAL;MEDICO PATOLOGO
CARDONA VERA JHONIER JAVIER ;CORREA;coordinacionodontologica@hospitalsantamonica.gov.co;190;SEDE PRINCIPAL;CORREA
CASTAÑO MARIN LUZ AIDEE;FISIOTERAPEUTA ;coordinacionconsulta@hospitalsantamonica.gov.co;125-126;SEDE PRINCIPAL;FISIOTERAPEUTA 
CASTRO LORENA ;COORDINACION DE MANTENIMIENTO HOSPITALARIO;coordinacionconsulta@hospitalsantamonica.gov.co;190;SEDE PRINCIPAL;COORDINACION DE MANTENIMIENTO HOSPITALARIO
CORTES FRANCO LUCY ;SUPERVISION DE CONTRATOS ;coordinacionodontologica@hospitalsantamonica.gov.co;125-126;SEDE PRINCIPAL;SUPERVISION DE CONTRATOS 
DURANGO MEDINA CARLOS AUGUSTO;GINECO-OBSTETRA ;coordinacionconsulta@hospitalsantamonica.gov.co;230;SEDE PRINCIPAL;GINECO-OBSTETRA 
ECHEVERRY OROZCO VIVIANA JOHANNA; PSICOLOGO ;coordinacionconsulta@hospitalsantamonica.gov.co;230;SEDE PRINCIPAL; PSICOLOGO 
FAUBEL GÓMEZ YOANDRI;CIRUJANO MAXILOFACIAL;coordinacionconsulta@hospitalsantamonica.gov.co;125-126;SEDE PRINCIPAL;CIRUJANO MAXILOFACIAL
FLOREZ MARIN GERARDO ANTONIO;SUPERVISION DE  EJECUCION DE CONTRATOS DE MANTENIMIENTO ;coordinacionodontologica@hospitalsantamonica.gov.co;230;SEDE PRINCIPAL;SUPERVISION DE  EJECUCION DE CONTRATOS DE MANTENIMIENTO 
FONSECA GAMEZ INTI;MEDICO INTERNISTA;coordinacionconsulta@hospitalsantamonica.gov.co;125-126;SEDE PRINCIPAL;MEDICO INTERNISTA
FRANCO GUTIERREZ CAROLINA;MEDICO NEUROLOGO ;coordinacionconsulta@hospitalsantamonica.gov.co;230;SEDE PRINCIPAL;MEDICO NEUROLOGO 
FUENTES DE LA PAZ MAURICIO ALBERTO;MEDICO FAMILIAR;coordinacionconsulta@hospitalsantamonica.gov.co;138;SEDE PRINCIPAL;MEDICO FAMILIAR
FUENTES RODAS JENNY LORENA;CARTERA ;coordinacionconsulta@hospitalsantamonica.gov.co;125-126;SEDE PRINCIPAL;CARTERA 
GALLEGO HOYOS JUAN CAMILO;CIRUGIA MAXILOFACIAL;coordinacionconsulta@hospitalsantamonica.gov.co;125-126;SEDE PRINCIPAL;CIRUGIA MAXILOFACIAL
GAVIRIA MAYA JUAN ESTÈBAN;GINECÓ-OBSTETRA;coordinacionconsulta@hospitalsantamonica.gov.co;106;SEDE PRINCIPAL;GINECÓ-OBSTETRA
GIRALDO MEJIA ANGELA MARIA ;PEDIATRA ;coordinacionconsulta@hospitalsantamonica.gov.co;230;SEDE PRINCIPAL;PEDIATRA 
GIRALDO HERNAN ENRIQUE ;PEDIATRA ;coordinacionconsulta@hospitalsantamonica.gov.co;230;SEDE PRINCIPAL;PEDIATRA 
GOMEZ GARCIA ALONSO;CARDIOLOGO PEDIATRA;coordinacionconsulta@hospitalsantamonica.gov.co;125-126;SEDE PRINCIPAL;CARDIOLOGO PEDIATRA
GONZÀLEZ CROSTHWAITE ANDRÈS;ODONTOPEDIATRA;coordinacionconsulta@hospitalsantamonica.gov.co;138;SEDE PRINCIPAL;ODONTOPEDIATRA
GONZALEZ HERNANDEZ MARCELA;EJECUCION DEL PROCESO PRESUPUESTAL;coordinacionconsulta@hospitalsantamonica.gov.co;287;SEDE PRINCIPAL;EJECUCION DEL PROCESO PRESUPUESTAL
GONZALEZ MARIN JUAN PABLO;JULIANA ARIAS ;coordinacionconsulta@hospitalsantamonica.gov.co;138;SEDE PRINCIPAL;JULIANA ARIAS 
IBATA MOLINA JORGE MARIO;GINECÓ-OBSTETRA;coordinacionconsulta@hospitalsantamonica.gov.co;125-126;SEDE PRINCIPAL;GINECÓ-OBSTETRA
JIMENEZ DUQUE JEYSON JULIAN;ORTODONCISTA;coordinacionconsulta@hospitalsantamonica.gov.co;230;SEDE PRINCIPAL;ORTODONCISTA
JIMENEZ SANZ LUIS MIGUEL;GINECO-OBSTETRA;coordinacionodontologica@hospitalsantamonica.gov.co;125-126;SEDE PRINCIPAL;GINECO-OBSTETRA
MEDINA MORALES DIEGO ALEJANDRO;MEDICICO INTERNISTA;coordinacionconsulta@hospitalsantamonica.gov.co;125-126;SEDE PRINCIPAL;MEDICICO INTERNISTA
MEZA FERLONI MARÍA ASCENCIÒN;ANESTESIÓLOGA;coordinacionconsulta@hospitalsantamonica.gov.co;125-126;SEDE PRINCIPAL;ANESTESIÓLOGA
MORALES SÀNCHEZ OSCAR ALBERTO;ENDODONCISTA;coordinacionconsulta@hospitalsantamonica.gov.co;230;SEDE PRINCIPAL;ENDODONCISTA
MORENO GALLEGO CAMILO ANDRÉS;MEDICO INTERNISTA ;coordinacionconsulta@hospitalsantamonica.gov.co;141;SEDE PRINCIPAL;MEDICO INTERNISTA 
MOYA ACUÑA JOSE ALEXANDER;GINECO-OBSTETRA;coordinacionambulatorios@hospitalsantamonica.gov.co;287;SEDE PRINCIPAL;GINECO-OBSTETRA
OSORIO VALENCIA FRANCISCO JAVIER;MEDICO FAMILIAR;coordinacionambulatorios@hospitalsantamonica.gov.co;138;SEDE PRINCIPAL;MEDICO FAMILIAR
OSPINA CASTAÑO JOHN JAIRO;PEDIATRA;coordinacionambulatorios@hospitalsantamonica.gov.co;230;SEDE PRINCIPAL;PEDIATRA
OSPINA CALLE JUAN CRISTÒBAL;CIRUJANO GENERAL;coordinacionambulatorios@hospitalsantamonica.gov.co;125-126;SEDE PRINCIPAL;CIRUJANO GENERAL
RAMÍREZ MONTOYA ANDRÉS JULIAN;RADIOLOGO;coordinacionambulatorios@hospitalsantamonica.gov.co;230;SEDE PRINCIPAL;RADIOLOGO
ROJAS RODRIGUEZ CARLOS ARTURO;GASTROENTERÓLOGO;coordinacionambulatorios@hospitalsantamonica.gov.co;125-126;SEDE PRINCIPAL;GASTROENTERÓLOGO
SALAZAR ROJAS JAMES ADALBERTH;MEDICO LABORAL;coordinacionambulatorios@hospitalsantamonica.gov.co;190;SEDE PRINCIPAL;MEDICO LABORAL
SERNA GONZÁLEZ JORGE ENRIQUE;ANESTESIÓLOGO;coordinacionambulatorios@hospitalsantamonica.gov.co;125-127;SEDE PRINCIPAL;ANESTESIÓLOGO
SULAIMAN DÌAZ OTHMAN MOHAMAD;ANESTESIÓLOGO;coordinacionambulatorios@hospitalsantamonica.gov.co;231;SEDE PRINCIPAL;ANESTESIÓLOGO
TABORDA SERNA FREDDY ALEXANDER;MEDICO FAMILIAR;coordinacionambulatorios@hospitalsantamonica.gov.co;125-127;SEDE PRINCIPAL;MEDICO FAMILIAR
TELLO SALAZAR DAVID ALEJANDRO;MEDICO INTERNISTA;coordinacionambulatorios@hospitalsantamonica.gov.co;108;SEDE PRINCIPAL;MEDICO INTERNISTA
TOVAR ARANGO JHON JAIME;CIRUJANO GENERAL;coordinacionambulatorios@hospitalsantamonica.gov.co;107;SEDE PRINCIPAL;CIRUJANO GENERAL
VANEGAS CARDONA JAIME ALBERTO;MEDICO GENERAL;coordinacionconsulta@hospitalsantamonica.gov.co;125-126;SEDE PRINCIPAL;MEDICO GENERAL
ZAPATA TORRES CESAR AUGUSTO; REHABILITADOR  ORAL;interventorias@hospitalsantamonica.gov.co;125-126;SEDE PRINCIPAL; REHABILITADOR  ORAL
OCAMPO DUQUE ANDRES ;MEDICO GINECO- OBSTRETA;mantenimiento@hospitalsantamonica.gov.co;242;SEDE PRINCIPAL;MEDICO GINECO- OBSTRETA
PEÑALVER SPECK MIGUEL ;MEDICO GASTROENTEROLOGIA;cartera@hospitalsantamonica.gov.co;294;SEDE PRINCIPAL;MEDICO GASTROENTEROLOGIA
VILLA VELASQUEZ HOOVERMAN ;IMÁGENES DIAGNOSTICAS;sistemas@hospitalsantamonica.gov.co;125-127;SEDE PRINCIPAL;IMÁGENES DIAGNOSTICAS
GIRALDO BAYER LEIDI ZORANY;AUXILIAR DE ENFERMERIA CAMAD;sistemas@hospitalsantamonica.gov.co;191;SEDE PRINCIPAL;AUXILIAR DE ENFERMERIA CAMAD
URIBE GORDILLO JHON EDIER;CARTERA;sistemas@hospitalsantamonica.gov.co;125-127;SEDE PRINCIPAL;CARTERA
TABARES GARCIA JORGE ANDRES;ASESORIA A LA ESE EN LOS PROCESOS ESTRATEGICOS;coordinacionsistemas@hospitalsantamonica.gov.co;230;SEDE PRINCIPAL;ASESORIA A LA ESE EN LOS PROCESOS ESTRATEGICOS
SANCHEZ BEDOYA WILMAR URIEL;INGENIERO DE SISTEMAS;coordinacionconsulta@hospitalsantamonica.gov.co;125-127;SEDE PRINCIPAL;INGENIERO DE SISTEMAS
PALACIO GARCIA LUZ ADRIANA; CONTADORA;coordinacioncalidad@hospitalsantamonica.gov.co;231;SEDE PRINCIPAL; CONTADORA
VARGAS VASQUEZ CLAUDIA PATRICIA;LIDERAR EL SISTEMA DE GESTION DE CALIDAD ;mantenimiento@hospitalsantamonica.gov.co;125-127;SEDE PRINCIPAL;LIDERAR EL SISTEMA DE GESTION DE CALIDAD 
GUTIERREZ GUTIERREZ MARIA CAMILA; GESTION DE CALIDAD Y AUDITORIA ;calidad@hospitalsantamonica.gov.co;-46;SEDE PRINCIPAL; GESTION DE CALIDAD Y AUDITORIA 
QUINTERO ZULUAGA HUGO MAURICIO;MEDICO AUDITOR ;mantenimiento@hospitalsantamonica.gov.co;125-126;SEDE PRINCIPAL;MEDICO AUDITOR 
HERRERA GIRALDO ANGELA MARIA;GESTION COMERCIAL (MERCADEO Y COMUNICACIONES) ;planeacion@hospitalsantamonica.gov.co;125-126;SEDE PRINCIPAL;GESTION COMERCIAL (MERCADEO Y COMUNICACIONES) 
NOREÑA OSPINA MAURICIO;MEDICO AUDITOR;calidad@hospitalsantamonica.gov.co;313;SEDE PRINCIPAL;MEDICO AUDITOR
TAMAYO SEPULVEDA CESAR AUGUSTO;REVISORIA FISCAL ;sistemas@hospitalsantamonica.gov.co;375;SEDE PRINCIPAL;REVISORIA FISCAL 
BERNAL RUIZ ROSMARY ELVIRA;BACTERIOLOGIA  ;mercadeo@hospitalsantamonica.gov.co;437;SEDE PRINCIPAL;BACTERIOLOGIA  
FUENTES RODAS JENNY LORENA;CARTERA ;cartera@hospitalsantamonica.gov.co;125-127;SEDE PRINCIPAL;CARTERA 
NOREÑA OSPINA MAURICIO;MEDICO AUDITOR;calidad@hospitalsantamonica.gov.co;188;SEDE PRINCIPAL;MEDICO AUDITOR
ECHEVERRY RESTREPO MARGARITA MARIA; (REDES SOCIALES Y MEDIOS DE COMUNICACIÓN)  ;comunicaciones@hospitalsantamonica.gov.co;188;SEDE PRINCIPAL; (REDES SOCIALES Y MEDIOS DE COMUNICACIÓN)  
BORJA MARIN DANIEL; APOYO A LA GESTION COMERCIAL;mercadeo@hospitalsantamonica.gov.co;188;SEDE PRINCIPAL; APOYO A LA GESTION COMERCIAL
MONCADA GALVIS BLANCA VIVIANA;"COORDINADOR OPERATIVO DEL PROYECTO ""TRANSFORMA TU VIDA CON CAMAD""";coordinacionambulatorios@hospitalsantamonica.gov.co;125-127;SEDE PRINCIPAL;"COORDINADOR OPERATIVO DEL PROYECTO ""TRANSFORMA TU VIDA CON CAMAD"""
TAMAYO SEPULVEDA CESAR AUGUSTO;REVISORIA FISCAL ;revisoriafiscal@hospitalsantamonica.gov.co;231;SEDE PRINCIPAL;REVISORIA FISCAL 
CARDENAS VELASQUEZ JULIANA MARIA;DIGITACION  PROYECTO CAMAD ;coordinacionambulatorios@hospitalsantamonica.gov.co;125-126;SEDE PRINCIPAL;DIGITACION  PROYECTO CAMAD 
BERNAL RUIZ ROSMARY ELVIRA;BACTERIOLOGIA  ;laboratorio@hospitalsantamonica.gov.co;125-126;SEDE PRINCIPAL;BACTERIOLOGIA  
GALLEGO HOYOS JUAN CAMILO;CIRUGIA MAXILOFACIAL;coordinacionodontologica@hospitalsantamonica.gov.co;125-126;SEDE PRINCIPAL;CIRUGIA MAXILOFACIAL
ECHEVERRY OROZCO VIVIANA JOHANNA; PSICOLOGO ;coordinacionambulatorios@hospitalsantamonica.gov.co;204;SEDE PRINCIPAL; PSICOLOGO 
GONZALEZ RAMIREZ MARIA CAMILA;ENFERMERA CADRI ;coordinacionambulatorios@hospitalsantamonica.gov.co;204;SEDE PRINCIPAL;ENFERMERA CADRI 
GRANADOS NARVAEZ KAREN;TECNICO LABORAL EN AUXILIAR DE ENFERMERIA ;coordinacionambulatorios@hospitalsantamonica.gov.co;204;SEDE PRINCIPAL;TECNICO LABORAL EN AUXILIAR DE ENFERMERIA 
VELASQUEZ VELZ LAURA;AUXILIAR DE ENFERMERIA ;coordinacionambulatorios@hospitalsantamonica.gov.co;203;SEDE PRINCIPAL;AUXILIAR DE ENFERMERIA 
MELO VANEGAS VALERIA ;AUXILIAR DE ENFERMERIA ;coordinacionambulatorios@hospitalsantamonica.gov.co;203;SEDE PRINCIPAL;AUXILIAR DE ENFERMERIA 
HERRERA DIAZ ELEN SHIKANA;AUXILIAR DE ENFERMERIA ;coordinacionambulatorios@hospitalsantamonica.gov.co;125-127;SEDE PRINCIPAL;AUXILIAR DE ENFERMERIA 
ARICAPA ARIAS LINA MARCELA;AUXILIAR DE ENFERMERIA ;coordinacionambulatorios@hospitalsantamonica.gov.co;231;SEDE PRINCIPAL;AUXILIAR DE ENFERMERIA 
MARQUEZ OSORIO LAURA MILENA;PSICOLOGO;coordinacionambulatorios@hospitalsantamonica.gov.co;125-127;SEDE PRINCIPAL;PSICOLOGO
SUAREZ RIASCOS HICELA;ENFERMERA PROFESIONAL;coordinacionambulatorios@hospitalsantamonica.gov.co;191;SEDE PRINCIPAL;ENFERMERA PROFESIONAL
MARTINEZ MARTINEZ JHON EDWIN;ENFERMERA PROFESIONAL;coordinacionambulatorios@hospitalsantamonica.gov.co;125-128;SEDE PRINCIPAL;ENFERMERA PROFESIONAL
GONZALEZ CHALARCA DIANA;PSICOLOGO;coordinacionambulatorios@hospitalsantamonica.gov.co;232;SEDE PRINCIPAL;PSICOLOGO
MELO PRADA YINED VIVIANA;AUXILIAR DE ENFERMERIA ;coordinacionambulatorios@hospitalsantamonica.gov.co;125-128;SEDE PRINCIPAL;AUXILIAR DE ENFERMERIA 
TREJOS HOYOS MARIANA ANDREA;ENFERMERA PROFESIONAL;coordinacionambulatorios@hospitalsantamonica.gov.co;107;SEDE PRINCIPAL;ENFERMERA PROFESIONAL
ZAPATA GIRALDO DAYANA ANDREA;ENFERMERA PROFESIONAL;coordinacionambulatorios@hospitalsantamonica.gov.co;7;SEDE PRINCIPAL;ENFERMERA PROFESIONAL
CABRERA ORTEGA MONICA FERNANDA;PSICOLOGO;coordinacionambulatorios@hospitalsantamonica.gov.co;125-126;SEDE PRINCIPAL;PSICOLOGO
CASTAÑEDA GIL ELIANA MILENA;AUXILIAR DE ENFERMERIA ;coordinacionambulatorios@hospitalsantamonica.gov.co;125-126;SEDE PRINCIPAL;AUXILIAR DE ENFERMERIA 
VALENCIA FLOREZ NICOLAS JACOBO;PSICOLOGO;coordinacionambulatorios@hospitalsantamonica.gov.co;125-126;SEDE PRINCIPAL;PSICOLOGO
RESTREPO RAMOS ANGELA PATRICIA;ENFERMERA PROFESIONAL;coordinacionambulatorios@hospitalsantamonica.gov.co;346;SEDE PRINCIPAL;ENFERMERA PROFESIONAL
POSADA JIMENEZ SOFIA ALEJANDRA;ENFERMERA PROFESIONAL;coordinacionambulatorios@hospitalsantamonica.gov.co;398;SEDE PRINCIPAL;ENFERMERA PROFESIONAL
PAREJA ORTIZ DANIELA;MEDICO;coordinacionambulatorios@hospitalsantamonica.gov.co;125-128;SEDE PRINCIPAL;MEDICO
RIOS CASTRO LINA CAROLINA;PSICOLOGO;coordinacionambulatorios@hospitalsantamonica.gov.co;192;SEDE PRINCIPAL;PSICOLOGO
TABARES GONZALEZ ALEJANDRA;ENFERMERA PROFESIONAL;coordinacionambulatorios@hospitalsantamonica.gov.co;125-128;SEDE PRINCIPAL;ENFERMERA PROFESIONAL
GIRALDO PEREZ LIZ KAREN;AUXILIAR ENFERMERIA;coordinacionambulatorios@hospitalsantamonica.gov.co;230;SEDE PRINCIPAL;AUXILIAR ENFERMERIA
COLLAZOS ORTIZ JAMILETH;PSICOLOGO;coordinacionambulatorios@hospitalsantamonica.gov.co;230;SEDE PRINCIPAL;PSICOLOGO
HERNANDEZ PEREZ LUZ ELENA;AUXILIAR ENFERMERIA;coordinacionambulatorios@hospitalsantamonica.gov.co;125-128;SEDE PRINCIPAL;AUXILIAR ENFERMERIA
JARAMILLO MARTINEZ ANA ALEJANDRA;ENFERMERA PROFESIONAL;coordinacionambulatorios@hospitalsantamonica.gov.co;232;SEDE PRINCIPAL;ENFERMERA PROFESIONAL
MONCAYO MALES DIANA MARCELA;ENFERMERA PROFESIONAL;coordinacionambulatorios@hospitalsantamonica.gov.co;125-128;SEDE PRINCIPAL;ENFERMERA PROFESIONAL
CORREA BAYER NATALIA;ENFERMERA PROFESIONAL;coordinacionambulatorios@hospitalsantamonica.gov.co;-138;SEDE PRINCIPAL;ENFERMERA PROFESIONAL
PALACIO MARIN ALEJANDRA;MEDICO;coordinacionambulatorios@hospitalsantamonica.gov.co;-230;SEDE PRINCIPAL;MEDICO
GAVIRIA OCAMPO LAURA;ENFERMERA PROFESIONAL;coordinacionambulatorios@hospitalsantamonica.gov.co;125-126;SEDE PRINCIPAL;ENFERMERA PROFESIONAL
ARIAS GALVIS YULIANA CAROLINA;ENFERMERA PROFESIONAL;coordinacionambulatorios@hospitalsantamonica.gov.co;125-126;SEDE PRINCIPAL;ENFERMERA PROFESIONAL
YEPES GIRON CATALINA;ODONTOLOGO;coordinacionambulatorios@hospitalsantamonica.gov.co;499;SEDE PRINCIPAL;ODONTOLOGO
RESTREPO OSORIO MARIA CAMILA;PSICOLOGO;coordinacionambulatorios@hospitalsantamonica.gov.co;561;SEDE PRINCIPAL;PSICOLOGO
COY CEBALLOS MONICA PAOLA;ENFERMERA PROFESIONAL;coordinacionambulatorios@hospitalsantamonica.gov.co;623;SEDE PRINCIPAL;ENFERMERA PROFESIONAL
MARIN VEGA CRISTIAN MAURICIO;AUXILIAR ENFERMERIA;coordinacionambulatorios@hospitalsantamonica.gov.co;125-128;SEDE PRINCIPAL;AUXILIAR ENFERMERIA
GUZMAN PEREZ LUZ ADRIANA;PSICOLOGO;coordinacionambulatorios@hospitalsantamonica.gov.co;188;SEDE PRINCIPAL;PSICOLOGO
MUÑOZ OSORIO MARIA ALEJANDRA;ODONTOLOGO;coordinacionambulatorios@hospitalsantamonica.gov.co;188;SEDE PRINCIPAL;ODONTOLOGO
HENAO GRISALES LINA MARCELA;AUXILIAR ENFERMERIA;coordinacionambulatorios@hospitalsantamonica.gov.co;188;SEDE PRINCIPAL;AUXILIAR ENFERMERIA
CASTRO ZULUAGA SARA;ENFERMERA PROFESIONAL;coordinacionambulatorios@hospitalsantamonica.gov.co;125-128;SEDE PRINCIPAL;ENFERMERA PROFESIONAL
MOSQUERA JORDAN LEIDY CAROLINA;AUXILIAR ENFERMERIA;coordinacionambulatorios@hospitalsantamonica.gov.co;232;SEDE PRINCIPAL;AUXILIAR ENFERMERIA
RAMIREZ MONTES CAROLINA;AUXILIAR ENFERMERIA;coordinacionambulatorios@hospitalsantamonica.gov.co;125-126;SEDE PRINCIPAL;AUXILIAR ENFERMERIA
VASQUES OSORIO ALEXANDER;PSICOLOGO;coordinacionambulatorios@hospitalsantamonica.gov.co;125-126;SEDE PRINCIPAL;PSICOLOGO
GALLEGO GARCIA ANA MARIA;MEDICO;coordinacionambulatorios@hospitalsantamonica.gov.co;125-126;SEDE PRINCIPAL;MEDICO
GIRALDO GIRALDO MARTHA CECILIA;ENFERMERA PROFESIONAL;coordinacionambulatorios@hospitalsantamonica.gov.co;203;SEDE PRINCIPAL;ENFERMERA PROFESIONAL
OROZCO MARTINEZ PAOLA ANDREA;ENFERMERA PROFESIONAL;coordinacionambulatorios@hospitalsantamonica.gov.co;203;SEDE PRINCIPAL;ENFERMERA PROFESIONAL
GOMEZ MENDIETA CATALINA;ENFERMERA PROFESIONAL;coordinacionambulatorios@hospitalsantamonica.gov.co;202;SEDE PRINCIPAL;ENFERMERA PROFESIONAL
SIERRA CASTILLEJO RUT ESTER;ENFERMERA PROFESIONAL;coordinacionambulatorios@hospitalsantamonica.gov.co;202;SEDE PRINCIPAL;ENFERMERA PROFESIONAL
GAMBOA MACHADO CARLOS FARID;TRABAJADOR(A) SOCIAL;coordinacionambulatorios@hospitalsantamonica.gov.co;202;SEDE PRINCIPAL;TRABAJADOR(A) SOCIAL
HIGIDO PINTA MARIA FERNANDA;AUXILIAR ENFERMERIA;coordinacionambulatorios@hospitalsantamonica.gov.co;125-128;SEDE PRINCIPAL;AUXILIAR ENFERMERIA
GOMEZ MONTOYA HUMBERTO;MEDICO;coordinacionambulatorios@hospitalsantamonica.gov.co;232;SEDE PRINCIPAL;MEDICO
VELEZ BETANCUR MARIANA;PSICOLOGO;coordinacionambulatorios@hospitalsantamonica.gov.co;125-128;SEDE PRINCIPAL;PSICOLOGO
PALOMINO GUTIERREZ SEBASTIAN;PSICOLOGO;coordinacionambulatorios@hospitalsantamonica.gov.co;192;SEDE PRINCIPAL;PSICOLOGO
TREJOS RUBIANO RUTH CAROLINA;AUXILIAR ENFERMERIA;coordinacionambulatorios@hospitalsantamonica.gov.co;125-129;SEDE PRINCIPAL;AUXILIAR ENFERMERIA
MONTES HENAO FABIO ALEXANDER ;MANTENIMIENTO;mantenimiento@hospitalsantamonica.gov.co;233;SEDE PRINCIPAL;MANTENIMIENTO
LONDOÑO CASTAÑEDA ALEJANDRO;MANTENIMIENTO;mantenimiento@hospitalsantamonica.gov.co;125-129;SEDE PRINCIPAL;MANTENIMIENTO
RODRIGUEZ GARCIA VICENTE ANTONIO;MANTENIMIENTO;mantenimiento@hospitalsantamonica.gov.co;107;SEDE PRINCIPAL;MANTENIMIENTO
BETANCOURT LARGO LIZETH VIVIANA;APOYO ADMNISIRATIVO (APS);coordinacionambulatorios@hospitalsantamonica.gov.co;107;SEDE PRINCIPAL;APOYO ADMNISIRATIVO (APS)
GALLEGO MARIN DANIELA GALLEGO;PSICOLOGA (APS);coordinacionambulatorios@hospitalsantamonica.gov.co;125-126;SEDE PRINCIPAL;PSICOLOGA (APS)
OCHOA ESTUPIÑAN DANNA SOFIA;PSICOLOGA (APS);coordinacionambulatorios@hospitalsantamonica.gov.co;125-126;SEDE PRINCIPAL;PSICOLOGA (APS)
ARTEAGA ATEHORTUA ASTRID CAROLINA;AUXILIAR DE ENFERMERIA (APS);coordinacionambulatorios@hospitalsantamonica.gov.co;125-126;SEDE PRINCIPAL;AUXILIAR DE ENFERMERIA (APS)
VASQUEZ RODRIGUEZ KELLY DAHIANNA;PSICOLOGA (APS);coordinacionambulatorios@hospitalsantamonica.gov.co;450;SEDE PRINCIPAL;PSICOLOGA (APS)
PULGARIN QUINTERO JUAN ESTEBAN;MEDICO (APS);coordinacionambulatorios@hospitalsantamonica.gov.co;502;SEDE PRINCIPAL;MEDICO (APS)
BUITRAGO SANCHEZ LEANDRA BUITRAGO;ENFERMERA PROFESIONAL (APS);coordinacionambulatorios@hospitalsantamonica.gov.co;125-129;SEDE PRINCIPAL;ENFERMERA PROFESIONAL (APS)
MENTE- ESPÌRITU RECONECTANDO CUERPO;SALUD MENTAL ;coordinacionambulatorios@hospitalsantamonica.gov.co;193;SEDE PRINCIPAL;SALUD MENTAL 
GIRALDO GOMEZ JHONNY ESTEBAN;ENFERMERA PROFESIONAL (APS);coordinacionambulatorios@hospitalsantamonica.gov.co;125-129;SEDE PRINCIPAL;ENFERMERA PROFESIONAL (APS)
CHAVARRIA SALDAÑA PAULA GINETH;AUXILIAR DE ENFERMERIA (APS);coordinacionambulatorios@hospitalsantamonica.gov.co;230;SEDE PRINCIPAL;AUXILIAR DE ENFERMERIA (APS)
RENGIFO BERMUDEZ LURDIS FANERY;ENFERMERA PROFESIONAL (APS);coordinacionambulatorios@hospitalsantamonica.gov.co;230;SEDE PRINCIPAL;ENFERMERA PROFESIONAL (APS)
SALAZAR RESTREPO SEBASTIAN SALAZAR;ODONTOLOGO (APS);coordinacionambulatorios@hospitalsantamonica.gov.co;125-129;SEDE PRINCIPAL;ODONTOLOGO (APS)
RODRIGUEZ RAMIREZ NATHALIA RODRIGUEZ;FISOTERAPEUTA (APS);coordinacionambulatorios@hospitalsantamonica.gov.co;233;SEDE PRINCIPAL;FISOTERAPEUTA (APS)
SANCHEZ GIRALDO CLAUDIA EDELMIRA;AUXILIAR DE ENFERMERIA (APS);coordinacionambulatorios@hospitalsantamonica.gov.co;125-129;SEDE PRINCIPAL;AUXILIAR DE ENFERMERIA (APS)
RESTREPO RESTREPO GINA MARCELA;AUXILIAR DE ENFERMERIA (APS);coordinacionambulatorios@hospitalsantamonica.gov.co;107;SEDE PRINCIPAL;AUXILIAR DE ENFERMERIA (APS)
MONTOYA ESCOBAR SAMIR ;SUPERVICION CONTRATOS ;financiera@hospitalsantamonica.gov.co;107;SEDE PRINCIPAL;SUPERVICION CONTRATOS 
